Id,Name,Taxo,Orga,Class,Status,Author,Fasta
2369,CphCP01_DSM266,Bacteroidetes/Chlorobi,Chlorobium phaeobacteroides,Catalase peroxidase,complete,Nenad Bakalovic,['>2369|CphCP01_DSM266| [Chlorobium_phaeobacteroides]|Bacteroidetes/Chlorobi|Catalase_peroxidase|complete|\nMSEQSKCPVTGRTAGNPVAGGSMLNRDWWPNQLHLDMLHQHSSLVNPMGDEFRYKEEFRKLDLGAVKKDLYALMTDSQEWWPADYGHYGGLFIRMAWHSAGTYRTSDGRGGGGRGNQRFAPLNSWPDNANLDKARRLLWPIKQKYGKMLSWADLMILAGNCALESMGFKTFGFGGGRVDIWEPEEDIYWGKEVEWLGNNRYSGERDLENPLAAVQMGLIYVNPEGPDGNPDPVAAGRDIRETFARMAMNDEETVALVAGGHTFGKCHGVGDPNLIGPEPEAAGIEEQGLGWKSGYGSGKGDETMTSGLEGAWTPDPIHWDMGYLGMLFKYEWELTKSPAGAWQWKPKDVAEEDLAPAAHDPSKRVPTMMTTADLAMRMDPVYGPISRRYYEHPDQFADAFARAWFKLTHRDMGPKSRYLGAEVPAEDLIWQDPVPAVDHELIGEGEIAELKKRLLASGLPIPELVSTTWASASTFRGSDKRGGANGSRIRLAPQKDWEVNQPEQLQRVLEKLEEIRHAFNGEQSGGKRVSLADLIVLGGCAAVEEAARRAGNDVTIPFAPGRTDASQAETDVESFAVLEPLADGFRNYARQKYSVTPEEMLVDRSQLLTLTATEMTVLLGGLRVLGANFRQSPHGVFTKRHETLTNDFFVNLLDMGTEWKPVSKEHDTFEGRDRKTGEPRWSATRVDLIFGSNARLRAIAEVYGSDDAQEKFVQDFVAAWNKVMNLDRFEIS\n\n']
2534,PaeCP01,Bacteroidetes/Chlorobi,Prosthecochloris aestuarii,Catalase peroxidase,complete,Filippo Passardi,['>2534|PaeCP01| [Prosthecochloris_aestuarii]|Bacteroidetes/Chlorobi|Catalase_peroxidase|complete|\nMSEQSRCPVTGRTADSPATGSGLSNRDWWPNQLHLDMLHQHSSLVNPMGEGFRYKEEFGKLDLKEVKKDLYALMTDSQEWWPADYGHYGGLFIRMAWHSAGTYRTSDGRGGGGTGNQRFAPLNSWPDNANLDKARRLLWPIKQKYGKKISWADLMILAGNCALESMGFKTFGFGGGRVDIWEPEEDIYWGKEVEWLGNKRYSGERDLENPLAAVQMGLIYVNPEGPDGKPDPVAAGRDIRETFARMAMNDEETVALVAGGHTFGKCHGVGDPKLVGPEPEAADIEEQGLGWKSGYGIGKGDETMTSGLEGAWTPDPIHWDMGYLGMLFRYEWELTKSPAGAWQWKPKDVAEEDLAPAAHDPSKRVPTMMTTADLAMRMDPIYGPISQRYYEHPDQFADAFARAWFKLTHRDMGPHSRYLGAEVPAEELIWQDPVPALDHDLIDAEEIAELKKRLLASGLSIPELVSTAWASASTFRGSDKRGGANGARIRLAPQKDWEVNQPEQLQRVLHKLEEIRNTFNGEQSGNKQVSLADMIVLGGCAAVEEAAGKAGTGVTVPFTPGRTDALQEQTDTESFSVLEPLADGFRNYMKKKYSVSAEEMLVDRSQLLTLTAPEMTVLLGGLRVLGANFQQSPHGVFTTQPETLTNDYFVNLLDMGTEWKPLSKEQDTFEGRDRKTGEPRWTATRVDLIFGSNSRLRAIAEVYGSDDAQEKFVHDFVAAWDKVMNLDRFDLG\n\n']
2535,PphCP01,Bacteroidetes/Chlorobi,Pelodictyon phaeoclathratiforme,Catalase peroxidase,complete,Filippo Passardi,['>2535|PphCP01| [Pelodictyon_phaeoclathratiforme]|Bacteroidetes/Chlorobi|Catalase_peroxidase|complete|\nMSEQGKCPVTGRTAVNPVTTGGMSNRDWWPNQLHLDMLHQHSSLTNPMGEEFRYKEEFKKLDLKSVKKDLYALMTDSQEWWPADYGHYGGLFIRMAWHSAGTYRTSDGRGGGGTGNQRFAPLNSWPDNANLDKARRLLWPIKQKYGRKLSWADLMILAGNCALESMGFKTFGFGGGRVDIWEPEEDIYWGKEVEWLGSNRYSGERDLENPLAAVQMGLIYVNPEGPDGNPDPVAAGRDIRETFARMAMNDEETVALVAGGHTFGKCHGVGDPKLIGPEPEAAEIEEQGLGWKSGYGSGKGDETMTSGLEGAWTPDPIHWDMGYLGMLFKYEWELTKSPAGAWQWKPKDVAEEDLAPAAHDPSKRVPTMMTTADLAMRMDPLYGPIARRYYEHPEQFADAFARAWFKLTHRDMGPRSRYLGAEVPAEELIWQDPVPAVDHELIGEGKIKELKKRILASGLSIPELLSTAWASASTFRSSDKRGGANGSRIRLSPQKEWEVNQPEQLQRVLGKLEEIRNAFNGEQSGGKQVSLADLIVLGGCAAVEEAARRAGNDVTVPFIPGRTDASQEQTDVESFAVLEPLADGFRNYTKRKYSVTPEEMLIDRSQLLTLTATEMTVLLGGLRVLGVNFRQSPHGLFTNRPETLTNDFFVNLLDMGTEWKPLSKEHETFEGRDRKTGEVRWSATRVDLIFGSNARLRAIAEVYGSDDAQGKFVQDFVAAWNKVMNLDRFDLS\n\n']
2628,CEsCP01,Bacteroidetes/Chlorobi,Cellulophaga sp.,Catalase peroxidase,complete,Christophe Dunand,['>2628|CEsCP01| [Cellulophaga_sp.]|Bacteroidetes/Chlorobi|Catalase_peroxidase|complete|\nMKNTETFDLNDPSAIAKCPFLGGAHKQFAGGGTTNRDWWPNELRLNVLRQNATKSDPMGEDFDYAAAFKSLDFTALKKDVIDLMTDSQDWWPADYGHYGGFMIRMAWHSAGTYRIGDGRGGSGSGSQRFAPLNSWPDNGNLDKARLLLWPIKKKYGNKISWADLMILAGNCALESMGFPTFGFSGGREDVWEPEQDIYWGSEVEWGANEARYKDGDLEAPLAAVMMGWIYVNPEGPNGNPDPMGSAANVRETFGRMAMNDEETVALVAGGHTFGKAHGAADPEKYVGTEPHGASIEEMSTGWKNSYKSGVLDDTITSGIEGAWTPNPTQWDADYFDVLLNYDWELTKSPAGAHQWTPTEESNARMAPTAGDASKKQRLMMTTADIALKVDPEYLKISKKFHEDHKAFEDAFARAWYKLTHRDMGPLSRYLGPEMPGEKLLWQDPLPEANGYTLSDAQVEILKSAIADSDLTIAEMVTTAWASASTYRDSDKRGGANGARIALAPQSHWEVNNPEQLNKVLIFLKDIQNTFDGEVSLADLIVLAGSVGIELAAMKAGREITVPFTPGRVDATQEDTDIDSFGYLEPKADGFRNYVQSSQKAQAAETMLVDRAQLLGLSIPEMTVLVGGLRVLGANYDGSKVGVFTDRPGELTNDFFVNLLDFTYTWKALSSDDTLFSGTDRRTGEMKFTGSRADLIFGSNTELRAVAEVYGASDGEDRFVNDFVKAFVKVMDADRFDVK\n\n']
2629,TspCP01,Bacteroidetes/Chlorobi,Tenacibaculum sp.,Catalase peroxidase,complete,Christophe Dunand,['>2629|TspCP01| [Tenacibaculum_sp.]|Bacteroidetes/Chlorobi|Catalase_peroxidase|complete|\nMSNTDNFDINKDTGKCPFLHGTPTKTAGGGTTNRDWWPNELKLNVLRQHASKSNPLGEDFDYAAAFNSLDFNELKQDVLNLMTDSQDWWPADYGHYGGFMIRMAWHSAGTYRVIDGRGGAGSGTQRFAPLNSWPDNGNLDKARLLLWPIKQKYGNKISWADLMILAGNCALESMGFPTKGFAGGREDVWEPEQDIYWGSETEWGANEKRYEDGELESPLGAVMMGWIYVNPEGPNGNPDPLGSAKNVRETFERMAMNDEETVALVAGGHTFGKAHGAADPDKYVGNEPHRGKIEEMSTGWKNSFKSGVLDDTITSGIEGAWTPNPTQWDADYFDVLLNYEWELTKSPAGAYQWTPTAESKAKMAPTAGDPNKKQALMMTTADIALRMDPKYLEISQRFHKDHKAFEEAFANAWYKLTHRDMGPTDRYLGPEVPSEELLWQDPIPKVNYTLSDDDINTLKALISESGLTVSELVKTAWASASTFRGSDKRGGANGGRIRLEPQRNWEVNNPEELEKVLTTYKAIQKKFEGEISIADLIVLGGSVGVEKAVKNAGYNFNVAFTEGRGDATQEQTDLKSFSYLEPIADGFRNYINSDLKMAAEDLLIDKANLLTLSIPEMTVLVGGLRMLSANYDGSNHGVFTDKKETLSNDFFKNILDFSYTWKATNSDEKEFIGRDRKTNALKFTGTRADLIFGSNTELRAVCEVYGAADAEEKFVKDFIAAWTKVMNLDRFDLK\n\n']
2630,LbCP01_MED217,Bacteroidetes/Chlorobi,Leeuwenhoekiella blandensis,Catalase peroxidase,complete,Christophe Dunand,['>2630|LbCP01_MED217| [Leeuwenhoekiella_blandensis]|Bacteroidetes/Chlorobi|Catalase_peroxidase|complete|\nMENKNGNDHGTDGKVWDVNESAKCPFLSGEMNHVTGQGTTNRDWWPNQLNLSILKQNSSLVDPMDEDFDYAEAFKSLDLAAVKQDLYDLMTNSQDWWPADYGHYGPFFIRMAWHAAGTYRIHDGRGGAGSGQQRFAPLNSWPDNANLDKARLLLWPIKKKYGNKLSWADLLILAGNCAHESMGLNMFGFAGGREDVWEPEEVYWGAETEWLGNKERYEGGELEKALGAAHMGLIYVNPEGHNANPDPVESAHFIRETFGRMAMNDYETVALIAGGHTFGKTHGAADPDEYVEAEPAAAGMEAMGTGWKNNFGSGKGADTITSGLEGAWTDTPTQWSNKYFENLFGYEWELTKSPAGAHQWKPKNDAGAGTVPDAHRADVKHAPFMLTTDLSLRFDPEYEKISRHFMENPEEFADAYSRAWFKLTHRDMGPKERYLGAEVPQEELIWQDPIPAVDHELVSDADVAHLKKNILESGHSISELVSVAWASASTFRGSDKRGGANGARIRFAPQRTWDVNNPEQLDAVLKTLEGIQKSFNDSQSGNKKVSIADLIVLAGSAAVEKAAKNAGHDISVPFTPGRADALEEQTDASAFDALEPVADGFRNYMKDRFEIKAEEFLVDRAQLLTLTPPEMTVLVGGLRVLNTNFDGSDYGVFTDKPETLTNDFFVNLLDMNTTWKAVSEEDELFEGSDRNTGEKKWTGTRVDLIFGSNSELRALAEAYALEDSGERFVKHFVKTWVKVMNLDRYDVK\n\n']
2669,CchCP01,Bacteroidetes/Chlorobi,Chlorobium chlorochromatii,Catalase peroxidase,complete,Filippo Passardi,['>2669|CchCP01| [Chlorobium_chlorochromatii]|Bacteroidetes/Chlorobi|Catalase_peroxidase|complete|\nMNEERKCPITGATHKPSAEKGRSNHDWWPNQLNLKILHQHSALSNPMDKDFNYAEEFKKLDLAAIKQDLYALMTDSQEWWPADYGHYGPLFIRMAWHSAGTYRTSDGRGGAGTGSQRFAPLNSWPDNANLDKARRLLWPIKQKYGRQISWADLMILTGNCALESMGLKTFGFAGGREDIWEPEEDIYWGTEGEWLADKRYSGERELEKPLAAVQMGLIYVNPEGPNGKPDPLAAAKDIRETFARMAMNDEETVALIAGGHTFGKTHGAGDASQVGPEPEAAGIEEQGLGWKNQYGTGKGKDTITSGLEVIWTTTPTKWSNNFFWNLFGYEWELTKSPAGAYQWTPKYGVGANTVPDAHDPSKRHAPAMMTTDLALRFDPDYEKIARRYYENPDQFADAFARAWFKLTHRDMGPRSRYRGAEVPVEELIWQDTIPALDHELIGADEIAALKATILASELSIAQLISTAWASAATFRNSDKRGGANGARLRLAPQKDWEVNQPDELQKVLQVLETIQTEFNASRNDGKKVSLADLIVLGGCAAIEAAAEKAGYKVTVPFTPGRMDATQEETDAHSFAVLEPVADGFRNYLKAKYSFSVEEMLIDKAQLLTLTAPEMTVLIGGMRVLNTNAGHTTHGVFTKRPETLSNDFFVNLLDMGTVWKATSEASDIFEGRNRSTGELQWTATRVDLVFGSNSQLRALVEVYGCKDSQEKFLNDFIAAWNKVMNLDRFDLSGL\n\n']
3063,SruCP01,Bacteroidetes/Chlorobi,Salinibacter ruber,Catalase peroxidase,complete,Christophe Dunand,['>3063|SruCP01| [Salinibacter_ruber]|Bacteroidetes/Chlorobi|Catalase_peroxidase|complete|\nMHNGSNGSVEQRDSMPETSREWWPGSLDVEILDQNAQDVGPWNGDFDYAEAFQELDYEALKEDIEEVMTTSKDWWPADYGHYGPLFIRMSWHAAGTYRTTDGRGGSSGGRQRLAPLNSWPDNANLDKARRLLWPVKQKYGRKISWADLLVLAGNVAMESMGFETFGFAGGREDDFKPDESIDWGPEDEMETWGRFNEEDELDNPLGATVMGLIYVNPEGPESTPDPEWSAQRIRKSFGRMAMNDRETAALIAGGHTFGKVHGADTDEHLQAEPEAAPIEQQGLGWHNEHGSGKGGDTITSGIEGPWTDAPTEWDMGYLDFLLDYEWEVHKGPGGAWQWRPKSDELKGVVPDAHDASETVDPMMLTTDVALKRDPDYREIIEDFRENPDAFEDAFARAWFKLLHRDMGPKERYLGPEVPEEDLIWQDPVPDADHDLIGDEEIAELKEAILETDLSVSRLVKTAWASASTYRDSDKRGGANGARIRLEPHRNWEANEPPQLAHALEVLTGIQKNFNDARTDDVRVSLADLIVLGGSAAIEKAAADAGHDVEVPFTPGRTDATQEQTDVEAFEYLEPKADGFRNYIADDPWQDWTPEEFLVDKADLLNLTPAETTVLVGGMRALDATHEQADGYGVFTDRPETLNNDYFVNLLDMGHEWDPVSEDKQHFKIRDRDTGEVKWKATRVDLIFGSNSRFRALSQVYGSGDAEEKFVDDFVDAWTKVMNLDRFDLE\n\n']
3560,PtorCP01,Bacteroidetes/Chlorobi,Psychroflexus torquis,Catalase peroxidase,partial,Filippo Passardi,['>3560|PtorCP01| [Psychroflexus_torquis]|Bacteroidetes/Chlorobi|Catalase_peroxidase|partial|\nMAMNDYETVALIAGGHTFGKCHGAGDDGLVGVGPEDAPMEQQQFGWKSGHGKGKGRDTITSGLEGPWTSNPAQWDNGYFENLFKYEYELVKSPAGAFQWHPKDLEDENYAPDVEDANQKVTTIMLTSDLALREDPEYRKISLNFKNNPEEFADAFARAWFKLLHRDMGPKNRYLGPEVPDEDLIWQDPIPAGNSDYDIEKAKELIRASGLSIQEMVESAWSSASTFRNSDLRGGANGARIRFEPMRSWKSNNKEQLDKVINSLSGIATEVGASVADMIVLAGNVAIEEASGLEVPFRAGRGDALEEKTDSESFKVLEPLADGFRNYQKTEYSVSPEEMLVDKAQLLGLTAPEMTVLVGGMRSLGISKDNMGVFSSNINKLDNDFFKTLLDMNVSWRQSGNNAYEGVDKQTGDVVRTASRVDLVFGSNSQLRSIAEVYAANDAENKFKTDFINAWNKVMNADRFDLDV\n\n']
3590,BBFL7CP01,Bacteroidetes/Chlorobi,Flavobacteria bacterium BBFL7,Catalase peroxidase,complete,Filippo Passardi,['>3590|BBFL7CP01| [Flavobacteria_bacterium_BBFL7]|Bacteroidetes/Chlorobi|Catalase_peroxidase|complete|\nMLSKYYQMKNLLLYSSITIIALAGLFGGYYYTFHMNKPTDVATASKAECPLGFGSTKSAGSMTKGEGKTNQQWYPNSLDLSVLRQNSDMSNPLGEEFDYKKEFESLDYDALKKDIELALTDSKDWWPADFGNYGGLFIRMAWHSAGTYRTGDGRGGTREGKQRFAPQNSWADNANLDKARRLLWPVKQKYGQKISWADLMILAGNVSFENMGFETLGYAGGREDTWEPQNNVYWGSESEMLGDERFNEDRELETPLAASQMGLIYVNPEGPNGNPDPVLAAHDIRQTFGRMGMNDEETVALIAGGHTLGKTHGASSGENLGAAPEGAAIEDQGMGWKSAHKSGKGADAVTSGLEVTWTNTPTQWGIGYFKSLFEHEWKLTKSPGGAHQFEAVNPKKMYPHAFDKDKQVAPTMLVTDLSLIKDPAYLKISKRFYENPEEFDAAFAKAWFKLTHRDMGPSSTYLGPEVPQEQFIWQDPIPARDYKLVSTSDINTLKGKIKASGLTTNELVTTAWNAASTYRHGDRRGGANGGRIQLEPQVNWDSNNPTQLKKVLNVYRDIKNDFDTSSRKISMADLIVLGGNVAIENAAKKAGYSIDVPFTPGRTDATQDQTDIDGTNLLKPMADGFTNFQQKEYTLTAEQLLVDKAQQLTLSAPEMTVLVGGMRALGANYDGSKTGIMTEQTGTLSNDFFKNLLSMDYSWKPVENNKNLFEIVERNTNNKKWDATRVDLIFGSNSELRALSEVYASEDAKERFVNDFVAAWTKVMNLDRFDLK\n\n']
3610,BBFL7CP02,Bacteroidetes/Chlorobi,Flavobacteria bacterium BBFL7,Catalase peroxidase,complete,Filippo Passardi,['>3610|BBFL7CP02| [Flavobacteria_bacterium_BBFL7]|Bacteroidetes/Chlorobi|Catalase_peroxidase|complete|\nMDSSNNTKVWDINQSEAASKCPFMGGASPNTAGRGTRNKDWWPNQLRLNVLRQNAPKSDPMDPDFNYEEAFKSLDMNALRKDLTALMTDSQDWWPADYGHYGGFFVRMAWHSAGTYRVGDGRGGSCSGSQRFAPLNSWPDNGNLDKARLLLWPIKQKYGKSISWADLMILTGNIAMESMGLKKLGFAGGREDIWEPEQDIYWGSETEWLGNDARYENGELEGMLGAAHMGLIYVNPEGPNGKPDPVGSAHDIRETFGRMAMNDYETVALIAGGHTFGKAHGASDPEKYMGPEPAGARIEEMSTGWNSSYGTGHGDDTTTSGLEGAWTPNPDQWDYDYFRVLLDYEWELTKSPAGAHQWRPTDASNADRAPMAVDASKRQDLMMSTADIALKTDPEYLKISQHFRENPDEFEDAFAKAWFKLTHRDMGPTTRYLGNDIPEKEELWQDPIPSVTHELINDEDVASLKSQILDSGLTIQELVSVAWASASTYRDSDKRGGANGSRIRLAPQNQWEANNPKQLHKVLDVLDKIQGDFNNSQSGDKQVSMADLIVLGGNAAIEKAAKDAGHNVTVPFNAGRADATQEQTDIESFTYLEPRADGFRNFLGSEQKAAGEDLLVDRANLLSLSVPEMTVLVGGLRAMNANYDQSDYGIFTDRPGLLTNDYFVNVLDLSTKWQSKSSADLLFEGRNRKTGDLKWIGTRVDLIFGSNTELRAIAEVYASHDSKNKFIADFIAAWHKVMNLDRFDLK\n\n']
3611,PtorCP02,Bacteroidetes/Chlorobi,Psychroflexus torquis,Catalase peroxidase,complete,Filippo Passardi,['>3611|PtorCP02| [Psychroflexus_torquis]|Bacteroidetes/Chlorobi|Catalase_peroxidase|complete|\nMEDTKSLKDGSKAKVGNVNSSPASCPFLNGEMKGAAGSGSDNRDWWPNSLNINILRQNSSMASPMDEDFDYAEEFKTLDLKTVKEDLKELMTTSQEWWPADYGNYGPFFIRMAWHAAGTYRIQDGRGGAGTGSQRFAPLNSWPDNANLDKARLLLWPIKEKYGRKLSWADLIVLTGNVAHESMGLEMQGFGGGREDIWQPEEDVYWGSEKEWLDNDERYSEGELENPLGASHMGLIYVNPEGPNGKPDPIGAAHDIRVTFGRMAMNDYETVALIAGGHTFGKTHGAANDLEYVDSEPAGAPIEMQSMGWKNNYKSGKGEDTITSGLEGAWTDTPTKWSHKYFENLFKYDWELTKSPAGAHQWKPKDNEGAGTIPDAHNPTKKHAPFMLTTDIALKEDPAYEKVSKHFYENPDEFAEAYSKAWFKLMHRDMGPINRYLGPDVPKKQEKWQDPIPAVDHELINDKDGAELKSKILNTELSISELVSTAWASASTFRHSDKRGGANGAHIRLEPQRNWAVNSPKQLSKVLEVLTKIQSEFNTLQKGNKKVSMADLIVLGGNAAIEEAAEAGGNYIQIPFYPGRTDALKEQTEIDSFGALEPMADGFRNYSKGYPKVTDEELLIDKANLLTLTAPEMTVLIGGMRALNTNYNHSKHGVFTTRQGVLTNDFFTNLLDLGTTWKSSNDEQTLFEGSDRKTGEIKWTGTRADLIFGSNSELRALAEVYGSSDSQKKFVKDFAFAWNKVMNLDRYDLHQI\n\n']
3613,PtorCP03,Bacteroidetes/Chlorobi,Psychroflexus torquis,Catalase peroxidase,complete,Filippo Passardi,['>3613|PtorCP03| [Psychroflexus_torquis]|Bacteroidetes/Chlorobi|Catalase_peroxidase|complete|\nMKKLLIAAFSLFVVVAFAQQSTEPEYKTCPVTGIRIKVKDGENPHAKMQDKSSVTEEMTPKRMGNKDWWPNSLDLSVLRQHSQKSNPMGEDFDYRAAFKALDYGALKTDLVALMKDSKEWWPADYGHYGPFFIRMSWHSAGTYRTADGRGGSRDGQQRFAPINSWPDNANLDKARRLLWPIKQKYGKSISWADLMILAGTLAYEDMGLEIAGFSGGREDTWEPSSNVYWGAENEMLANDKRYDDNGDIEQPLAAVQMGLIYVNPEGPDGNPDPALAADGIRQTFGRMGMNDKETVALIAGGHTIGKTHGAGDASLGPAPEAASIQEQGLGWMSSYKSGKAEDAITSGLEVIWTNTPAEWSQGYFKSLFENEWELTKSPGGAYQWVAKDSKEIYPDAHIEGKKHRPTMLTTDLTMIKDPDYLKISKFFYENPEEFNKTFAQAWFKLTHRDMGPKSTYIGPDAPKEDFIWQDPIPKAKYEMVNAADIKALKAEILKSGLNTSELVETAWTSASTYRDSDRRGGANGGHILLEPQRSWEANNPKQLDKVASKLTMIQKDFNKKYNNKEVSMADLIVLGGNVAIEQAAKKAGHTIEVPFMPGRTDALQEQTDVESMQLLKPMADGFTNYQGKQYTLTTEELLVDKAQLLTLTAPEMTVLIGGMRALGANHGNAQHGVFTDRPGELTTDFFVNLLDMSHKWEPKDDKEQVFISKNRQTGDTKWTATRADLIFGSNSELRALAEVYATEDADEKFVTDFVSAWSKVMQLDRFDVKM\n\n']
3617,FjCP01_UW101,Bacteroidetes/Chlorobi,Flavobacterium johnsoniae,Catalase peroxidase,complete,Filippo Passardi,['>3617|FjCP01_UW101| [Flavobacterium_johnsoniae]|Bacteroidetes/Chlorobi|Catalase_peroxidase|complete|\nMENQSNDISKCPFHNGSMDNQAASGTKNNDWWPKQLKVNILRQNSSLSNPLSKDFDYAEAFKTLDLEAVKKDLHVLMTDSQDWWPADFGHYGGLFIRMAWHSAGTYRVHDGRGGAGAGQQRFAPLNSWPDNVSLDKARRLLWPIKQKYGQKISWADLMILTGNVALESMGFKTFGFAGGRADVWEPDESVYWGSETTWLGGDERYNNGSDGVPKDHGVVSADDDADGKVHSRNLEKPLAAVQMGLIYVNPEGPDGNPDPILAAKDIRDTFGRMAMNDEETVALIAGGHTFGKTHGAASSDHVDKEPEAAGLELQGFGWKNSFGSGKGADAITSGLEVTWTKTPTQWSNNFFENLFAFEWELSKSPAGAHQWVAKNAEAIIPDAFDSTKKHLPTMLTTDLSLRLDPEYEKISRRFLENPDQFADAFSRAWFKLTHRDMGPRARYLGPDVPQEVLLWQDPIPEVNHKLIDENDIKQLKEKILNSGLSISQLVAAAWASASTFRGSDKRGGANGARVRLAPQKDWEVNNPAKLAQVLSKLETIQTEFNASQNDGKKVSLADLIVLAGSAGVEKAAKDAGSSVTVSFNPGRMDASAEETDVESFGYLEPKADGFRNYRKTKSAVSTEELLIDKANLLTLTAPELTVLLGGLRVLDINADGSKNGVFTHRPGQLTNDFFVNLLDMNTQWQAVSNDKELYAGNDRSTGQPKWIATRADLVFGSNSELRAVAEVYASTDANEKFVNDFIKAWTKVMNLDRFDLA\n\n']
3650,CphCP01_BS1,Bacteroidetes/Chlorobi,Chlorobium phaeobacteroides,Catalase peroxidase,complete,Filippo Passardi,['>3650|CphCP01_BS1| [Chlorobium_phaeobacteroides]|Bacteroidetes/Chlorobi|Catalase_peroxidase|complete|\nMSEHSRCPVTGRTAGNPVAGGGIANRDWWPNQLHLDMLHQHSSLSNPMEEAFKYKEEFGKLDLKAVKKDLYTLMTDSQEWWPADYGHYGGLFIRMTWHSAGTYRTGDGRGGGGTGNQRFAPLNSWPDNANLDKARRLLWPIKQKYGKKLSWADLMILAGNYALESMGFKTFGFGGGRVDIWEPEEDIYWGKEVEWLDNKRYSGERDLENPLAAVQMGLIYVNPEGPDGKPDPVAAGKDIRETFGRMAMNDEETVALVAGGHTFGKCHGVGDPKLVGPEPEAADIEEQGLGWKSGYGSGKGDETMTSGLEGAWTPDPIHWDMGYLGMLFKYEWELTKSPAGAWQWKPTDVAEEDLAPAAHDPSKRVPTMMTTADLAMRMDPIYGPISRRYYEHPDQFADAFARAWFKLTHRDMGPKSRYLGTEVPEEDLIWQDPVPAVDHELIGDREIAELKKRLLASGLSIPELVSTAWASASTFRGSDKRGGANGARIRLAPQKDWEVNQPEQLKIVLQKLEEIRQEFNDAQSGGKRVSLADLIVLGGCAGVEEAARKAGTDVTIPFTPGRTDASQEQTDTESFAVLEPLADGFRNYMKKKYSVSAEEMLVDRSQLLTLTAPEMTVLVGGLRVLNVNFGQSPHGVFTTLPETLTNDFFVNLLDMGTEWKPLSKEHDTFEGRDRKTGEPRWTATRVDLIFGSNSRLRAIAEVYGSDNAQEKFVHDFVAAWNKVMNLDRFELG\n\n']
4012,CphCMD_BS1,Bacteroidetes/Chlorobi,Chlorobium phaeobacteroides,Carboxymuconolactone decarboxylase (peroxidase activity),complete,Christophe Dunand,['>4012|CphCMD_BS1| [Chlorobium_phaeobacteroides]|Bacteroidetes/Chlorobi|Carboxymuconolactone_decarboxylase_(peroxidase_activity)|complete|\nMTIRYFKAAGGGQKNDLAERTLMHINSEFGARVEPFTLHLPQPELLAGVWMICRESLLVGSVRRDLKEAVATTVSVINRCPYCVDAHGIMILGASGKSYAEAITAGTYDAIDDKDVRKAVEWAAATLLPGSSILADPPFSPDEAPEYIGTAVCFHYINRMVTILLGPTPLPFGKGALKRVSMRLASWFFGRSIRVYKEPCASLELLPRATLPGDLGWASASACIAHAYAAFSGTVERAGEKVLTEQVRESISKVVKAWNGKDPGMGRAWIEESLGACTGGQRAAGELALLAALAPYLVTPAEVSSFSAYYPGDRELLAVLAWGSFTAARRAGGWMS\n\n']
4050,CphCMD_DSM266,Bacteroidetes/Chlorobi,Chlorobium phaeobacteroides,Carboxymuconolactone decarboxylase (peroxidase activity),complete,Christophe Dunand,['>4050|CphCMD_DSM266| [Chlorobium_phaeobacteroides]|Bacteroidetes/Chlorobi|Carboxymuconolactone_decarboxylase_(peroxidase_activity)|complete|\nMTINYFTETHPAYRDKLTILVMAQVRKEFGAEVEPFLLHKPIPELLAGSWMACRETLISGIANREAKEVVAAVTSMMNRCPYCVDAHTVMALGASGRDYTGTIASGRYETIRDPFMRSMAEWGSATRSPDSPVLRYPPFNPDEAPEYIGTVLFFNYINRMATILLGASPLPFTDGIMKNISMRLAAFFFSSAIHRTKQPGTSLDLLPNEPLPDDLAWAKPSPFVSGALARFSAAIEKAAETVLTEKTAGMVIDQLDRWDGSDPGISSSWCEHLLFRLNDSEKTVARLALLTAIAPWQISNEMVRAFSAYHSGDKALLSILSWSSLSAARRISRWLA\n\n']
4319,FjBCP01,Bacteroidetes/Chlorobi,Flavobacterium johnsoniae,Atypical 2-Cysteine peroxiredoxin (type BCP),complete,Filippo Passardi,['>4319|FjBCP01| [Flavobacterium_johnsoniae]|Bacteroidetes/Chlorobi|Atypical_2-Cysteine_peroxiredoxin_(type_BCP)|complete|\nMSLKIGDIVPNFTAKDSHGEVFESKNVLGRKPLVIYFYPKDNTPGCTTEACSFRDQYEDFKDLGAEVIGISADSVKSHHKFANKHQLPFILLSDEDKRLRHLFGVKNNLFGLIPGRVTFIIDRNGVVIYIFDSMNAAKHIPKALEIIKELVL\n\n']
4326,GfoBCP01,Bacteroidetes/Chlorobi,Gramella forsetii,Atypical 2-Cysteine peroxiredoxin (type BCP),complete,Filippo Passardi,['>4326|GfoBCP01| [Gramella_forsetii]|Bacteroidetes/Chlorobi|Atypical_2-Cysteine_peroxiredoxin_(type_BCP)|complete|\nMKIGDEVPDLELKNQNGEKFRFSELKGKKAFVVYFYPKDFTPGCTKEACSFRDSYEDFKELGAEVIGISGDSSKSHSKFIDRYKLPYIFLSDKDKKARNVFGVKPSLLGLLPGRETFVFDKNGKLLHRFNSMSAGRHMPEALAVLKKNQN\n\n']
4327,PtorBCP01,Bacteroidetes/Chlorobi,Psychroflexus torquis,Atypical 2-Cysteine peroxiredoxin (type BCP),complete,Filippo Passardi,['>4327|PtorBCP01| [Psychroflexus_torquis]|Bacteroidetes/Chlorobi|Atypical_2-Cysteine_peroxiredoxin_(type_BCP)|complete|\nMSIEKGDSIPSFQLNDQNGIVFNSDDVIGKKPVVIYFYPKNFTPGCTKEACSFRDSYEDFKEIGAEVVGISGDSEKSHAKFTAKYNLPFILLADSTGKVRKKFGIKKSLLGLVPGRETFVIDAQGKLIFKFNSLDASQHMKKALKAIKKIN\n\n']
4350,CteBCP,Bacteroidetes/Chlorobi,Chlorobium tepidum,Atypical 2-Cysteine peroxiredoxin (type BCP),complete,Filippo Passardi,['>4350|CteBCP| [Chlorobium_tepidum]|Bacteroidetes/Chlorobi|Atypical_2-Cysteine_peroxiredoxin_(type_BCP)|complete|\nMALLQAGQKAPEFTAKDQDGKEVSLRDYTGRKVVLYFYPKDDTPGCTKEACAFRDNLPNFEKVDAVVLGVSVDGQKAHRKFADKYELPFTLLVDDEKKIVEAYGVWGLKKFMGREYMGTNRVTYLIDEQGTIEKVWSKVKPETHTAEVLDWLQQKT\n\n']
4367,GfoBCP02,Bacteroidetes/Chlorobi,Gramella forsetii,Atypical 2-Cysteine peroxiredoxin (type BCP),complete,Filippo Passardi,['>4367|GfoBCP02| [Gramella_forsetii]|Bacteroidetes/Chlorobi|Atypical_2-Cysteine_peroxiredoxin_(type_BCP)|complete|\nMTTLKEGDKAPDFKAEDQDGNEIKLSDYKGKKLVLFFYPKASTPGCTAEACNLSDNYDAMKKKGYEILGVSADSKKRQQNFKNKYDFKYPLLADEEKEVINAYGVWGPKKFMGKEYDGIHRTTFIINEEAKIEEVIKKVKTKAHAEQILEN\n\n']
4383,CphBCP_DSM266,Bacteroidetes/Chlorobi,Chlorobium phaeobacteroides,Atypical 2-Cysteine peroxiredoxin (type BCP),complete,Filippo Passardi,['>4383|CphBCP_DSM266| [Chlorobium_phaeobacteroides]|Bacteroidetes/Chlorobi|Atypical_2-Cysteine_peroxiredoxin_(type_BCP)|complete|\nMSLLQEGSVAPPITTIDQHGKNVTLHEYKGKKVVLYFYPKDDTPGCTKEACAFRDNLPNFNNLDAEILGVSVDSVEKHKKFAEKYTLPFRLLVDDEKKIVQDYGVWGLKKFMGKEYMGINRVTYLINEEGVIEKVWPKVSPAGHAEEILNYLQQKT\n\n']
4384,CliBCP,Bacteroidetes/Chlorobi,Chlorobium limicola,Atypical 2-Cysteine peroxiredoxin (type BCP),complete,Filippo Passardi,['>4384|CliBCP| [Chlorobium_limicola]|Bacteroidetes/Chlorobi|Atypical_2-Cysteine_peroxiredoxin_(type_BCP)|complete|\nMALLEIGAEAPPITADDQYGKPVTLDAYRGKKVVLYFYPKDDTPGCTKEACAFRDNLPKFQETGIEVLGVSIDSKAKHSKFAEKYDLPFRLVADEEKRVVEAYGVWGKKKFMGKEYMGTNRVTYLIDEQGMIEKVWPKVTPAVHAEEILDYLGQQT\n\n']
4385,PlutBCP,Bacteroidetes/Chlorobi,Pelodictyon luteolum (Chlorobium luteolum),Atypical 2-Cysteine peroxiredoxin (type BCP),complete,Filippo Passardi,['>4385|PlutBCP| [Pelodictyon_luteolum_(Chlorobium_luteolum)]|Bacteroidetes/Chlorobi|Atypical_2-Cysteine_peroxiredoxin_(type_BCP)|complete|\nMTLLEPGTPAPPLYGRDQDGREVKLEEYLGKKVLIYFYPKDDTPGCTAEACAFRDNLPNFNTVGVEVIGVSVDPQARHRKFVDKYSLPFRLLADEEKKTVEAYGVWGQKKFMGREYMGTSRVSYLVDEQGRIEKVWPKVKAADHPLEVLEWLETKH\n\n']
4387,CfeBCP,Bacteroidetes/Chlorobi,Chlorobium ferrooxidans,Atypical 2-Cysteine peroxiredoxin (type BCP),complete,Filippo Passardi,['>4387|CfeBCP| [Chlorobium_ferrooxidans]|Bacteroidetes/Chlorobi|Atypical_2-Cysteine_peroxiredoxin_(type_BCP)|complete|\nMAISILEEGTSAPAISALDQDGKPVTLEEYRGRKVILYFYPKDDTPGCTKEACAFRDNFPNFKALGVEVLGVSVDSEKKHKKFEEKYQLPFRLVADPEKSIVEAYGVWGQKKFMGREYMGTSRVTYLINEEGKIEKVWPKVNPSEHAEELLNYLQKKT\n\n']
4388,PphBCP,Bacteroidetes/Chlorobi,Pelodictyon phaeoclathratiforme,Atypical 2-Cysteine peroxiredoxin (type BCP),complete,Filippo Passardi,['>4388|PphBCP| [Pelodictyon_phaeoclathratiforme]|Bacteroidetes/Chlorobi|Atypical_2-Cysteine_peroxiredoxin_(type_BCP)|complete|\nMPMSILQEGIPAPAIAAKDQDGKLVTLEEYRGRKVVLYFYPKDDTPGCTKEACAFRDNFPKFNSAGVEVLGVSIDDEGKHKKFSEKYQLPFRLVSDPDKRIVEAYGVWGLKKFMGREYMGTARVTYLINEEGIIEHVWPKVTPAQHAEELLNYLQQKT\n\n']
4389,CphaBCP,Bacteroidetes/Chlorobi,Chlorobium phaeovibrioides (Prosthecochloris vibrioformis),Atypical 2-Cysteine peroxiredoxin (type BCP),complete,Filippo Passardi,['>4389|CphaBCP| [Chlorobium_phaeovibrioides_(Prosthecochloris_vibrioformis)]|Bacteroidetes/Chlorobi|Atypical_2-Cysteine_peroxiredoxin_(type_BCP)|complete|\nMALLKEGGTAPDFTGIDQHGKSVSLSEYRGSKVLIYFYPKDDTPGCTAEACAFRDNLPNFNKLGVTVLGVSTDPEAKHRKFADKYSLPFRLVADSDKVIVQAYGVWGPKKFMGKEYMGTSRVSYMIDEDGLIAKVWPKVKPAVHPEEVLGWLQANK\n\n']
4391,PaeBCP,Bacteroidetes/Chlorobi,Prosthecochloris aestuarii,Atypical 2-Cysteine peroxiredoxin (type BCP),complete,Filippo Passardi,['>4391|PaeBCP| [Prosthecochloris_aestuarii]|Bacteroidetes/Chlorobi|Atypical_2-Cysteine_peroxiredoxin_(type_BCP)|complete|\nMKLLAHGDPAPLFESVDQDGQPVKLVDYKGKKVILYFYPKDDTPGCTKEACAFRDNFPKFKEIGVEVLGVSVDSEKRHKKFTEKYDLPFRLVVDEEKTIVEHYGVWGLKKFMGREYMGTARVTYLINEEGVIDMVWPKVKPEKHASEIVAYLEQNN\n\n']
4392,CphBCP_BS1,Bacteroidetes/Chlorobi,Chlorobium phaeobacteroides,Atypical 2-Cysteine peroxiredoxin (type BCP),complete,Filippo Passardi,['>4392|CphBCP_BS1| [Chlorobium_phaeobacteroides]|Bacteroidetes/Chlorobi|Atypical_2-Cysteine_peroxiredoxin_(type_BCP)|complete|\nMEVLEPGTPAPPFESIDQNGKTVTLEEYRGRKVILYFYPKDDTPGCTKEACAFRDNFPKFKKIGVEVLGVSIDSEKRHKKFVDKYELPFRLVVDEDKKIVQDYGVWRLKKFMGREYMGTARVTYLIDEHGSIQHVWPKVKPADHALELLEYIENAG\n\n']
4393,CchBCP,Bacteroidetes/Chlorobi,Chlorobium chlorochromatii,Atypical 2-Cysteine peroxiredoxin (type BCP),complete,Filippo Passardi,['>4393|CchBCP| [Chlorobium_chlorochromatii]|Bacteroidetes/Chlorobi|Atypical_2-Cysteine_peroxiredoxin_(type_BCP)|complete|\nMATSLLSVGTAAPEFSALDQNGQSVSLTEYRGRKVILYFYPKDDTPGCTKEACAFRDNFPTFNAIGVEVLGVSIDDGAKHKKFVEKYQLPFRLVADPDKTIVQAYGVWGLKKFMGKEYMGTNRVTYLINEEGVIEKVWPKVSPEKHAQELIAYLQPSA\n\n']
4394,ChBCP,Bacteroidetes/Chlorobi,Cytophaga hutchinsonii,Atypical 2-Cysteine peroxiredoxin (type BCP),complete,Filippo Passardi,['>4394|ChBCP| [Cytophaga_hutchinsonii]|Bacteroidetes/Chlorobi|Atypical_2-Cysteine_peroxiredoxin_(type_BCP)|complete|\nMTLTAGDKAPVFKGTDQDGNTISLKDFAGKKVVLYFYPKDNTPGCTKQACDLRDNYNALLKAGYVVIGVSTDSEKSHQKFIKKFELPFPLIADEDKTIHEQYGVWGEKSMYGKTYMGTLRTTFVIDEKGKIEEVISKVKTDDHTAQILK\n\n']
4395,FjBCP02,Bacteroidetes/Chlorobi,Flavobacterium johnsoniae,Atypical 2-Cysteine peroxiredoxin (type BCP),complete,Filippo Passardi,['>4395|FjBCP02| [Flavobacterium_johnsoniae]|Bacteroidetes/Chlorobi|Atypical_2-Cysteine_peroxiredoxin_(type_BCP)|complete|\nMTTLKAGDKAPNFSGTDQDGKTHKLADYAGKKLVVFFYPKASTPGCTAEACDLRDNFERFKANNYELLGVSADSQKAQSKFKDKYEFPFPLIADEDKAVINAFGVWGPKKFMGKEYDGIHRTTFVIDEKGIIEEVIEKVKTKEHASQILK\n\n']
4398,PtorBCP02,Bacteroidetes/Chlorobi,Psychroflexus torquis,Atypical 2-Cysteine peroxiredoxin (type BCP),complete,Filippo Passardi,['>4398|PtorBCP02| [Psychroflexus_torquis]|Bacteroidetes/Chlorobi|Atypical_2-Cysteine_peroxiredoxin_(type_BCP)|complete|\nMLYFYTKIGIMTTLKAGDKAPNFEAKDQDGNIHSLKDYEGKKLVVFFYPKASTPGCTAEACNLRDNWKALQAQGYYILGVSADSQKRQQNFKNKYELPFPLLADEDKSVIEAFGVWGPKKFMGKEYDGIHRTSFIIDENGVLDEVITKVKTKTHAEQIL\n\n']
4435,Gfo1CysPrx,Bacteroidetes/Chlorobi,Gramella forsetii,1-Cysteine peroxiredoxin,complete,Nicolas Rouhier,['>4435|Gfo1CysPrx| [Gramella_forsetii]|Bacteroidetes/Chlorobi|1-Cysteine_peroxiredoxin|complete|\nMSELKLGDKAPNFDAETSDGKINFHDYLGDSWGILFSHPADYTPVCTTELGTVANYKAKFKERDVKVIALSVDGLKSHEGWIKDINETQNTTVNFPIIADEDRKVSDLYGMIHPKADDTLTVRSVFVIAPDKSIKMTLTYPASTGRNFDELLRVIDSLQLTAYNKVATPANWKQGEDVVISPSVSNEEADKMFPKGYKVVKPYLRTTSQPELKK\n\n']
4442,Ptor1CysPrx,Bacteroidetes/Chlorobi,Psychroflexus torquis,1-Cysteine peroxiredoxin,complete,Nicolas Rouhier,['>4442|Ptor1CysPrx| [Psychroflexus_torquis]|Bacteroidetes/Chlorobi|1-Cysteine_peroxiredoxin|complete|\nMAHLRLGDIAPDFTAETTEGNISFHDWLGDQWGIIYSHPADFTPVCTTELGRTAQLKDEFDKRHVKVIALSVDPLKDHHEWIKDINETQNTTVNFPIIADSDRKVAELYDMIHPNASEKATVRSVFIVGPDKKIKLTLTYPASTGRNFDELLRVIDSLQLTANKKLATPADWKPGQDAIISPSVSDEEAKEQFPKYKAIKSYLRTTPTEK\n\n']
4517,BfrBCP,Bacteroidetes/Chlorobi,Bacteroides fragilis,Atypical 2-Cysteine peroxiredoxin (type BCP),complete,Filippo Passardi,['>4517|BfrBCP| [Bacteroides_fragilis]|Bacteroidetes/Chlorobi|Atypical_2-Cysteine_peroxiredoxin_(type_BCP)|complete|\nMNVGDKAPELLGINEKGEEVRLNNYKGRKIVLYFYPKDNTSGCTAQACSLRDNYAELRKAGYEVIGVSVDNEKSHQKFIEKNNLPFTLIADTDKKLVEQFGVWGEKKLYGRAYMGTLRTTFLINEEGVIERIIGPKEVKAKEHASQIL\n\n']
4518,BtheBCP,Bacteroidetes/Chlorobi,Bacteroides thetaiotaomicron,Atypical 2-Cysteine peroxiredoxin (type BCP),complete,Filippo Passardi,['>4518|BtheBCP| [Bacteroides_thetaiotaomicron]|Bacteroidetes/Chlorobi|Atypical_2-Cysteine_peroxiredoxin_(type_BCP)|complete|\nMKNIGDKAPEVLGINEKGEEIRLSAYKGKKIVLYFYPKDSTSGCTAQACSLRDNYSELRKAGYEVIGVSVDSEKSHQKFIDKNNLPFTLIADTDKKLVEEFGVWGEKKLYGRAYMGTFRTTFLINEEGIIERIITPKEVKTKEHASQILNQ\n\n']
4523,GfoAhpC,Bacteroidetes/Chlorobi,Gramella forsetii,AhpC like peroxiredoxin,complete,Christophe Dunand,['>4523|GfoAhpC| [Gramella_forsetii]|Bacteroidetes/Chlorobi|AhpC_like_peroxiredoxin|complete|\nMALVGRKFPNLSVDAMNEMGDTFKLNILEEAQKNNKKVLLFWYPKDFTFVCPTELHAFQNAMEEFEKRNVMVVGASCDTPEVHFAWLNTPKDNGGIEGVKYPILADSNRNLSSRLDILDIMSETYDDETGAITLEGDNVTYRATYLIDEEGTVFHEGVNHMPLGRNVNEFLRLIDAYTHVQEKGEVCPANWEEGKEAMNADREGVASYLSLN\n\n']
4644,MmarAhpD,Bacteroidetes/Chlorobi,Microscilla marina,Alkylhydroperoxidase D,complete,Filippo Passardi,['>4644|MmarAhpD| [Microscilla_marina]|Bacteroidetes/Chlorobi|Alkylhydroperoxidase_D|complete|\nMSIFTFQLKSSQLLTPNYQLFSIFKHMIQEVASDLLQDLGVNPEDASVAFNTVVDGESRYIKDLRINLKNAFKAKNLSQKEAALIALSVAANEQNDILQKLFTAQAKTAEASEAEIAEAVACASLLAANNVFYRFRHFMNKDKYNTIPAGIKMQIMMKPVSGKEFFELMSLAISAVNGCEMCVTAHEKSLLELGATEERVFDAVRIASVVVSATKLIY\n\n']
4659,ChAhpD,Bacteroidetes/Chlorobi,Cytophaga hutchinsonii,Alkylhydroperoxidase D,complete,Filippo Passardi,['>4659|ChAhpD| [Cytophaga_hutchinsonii]|Bacteroidetes/Chlorobi|Alkylhydroperoxidase_D|complete|\nMQILDHADSRYIRDLKVNVSNALVTAHISEKESALLALSIAANQKNNILISGFQKLSAEKGATIEEQNEAISCASLLAGNNVFYRFRHFQQKESYNTMQAKIKMNIMMKPVLGKEFFELISLAVSAVNGCEMCVNAHEHSVREMGATEERVWDAIRLAAVITSLDKVMS\n\n']
4696,Fj1CysPrx,Bacteroidetes/Chlorobi,Flavobacterium johnsoniae,1-Cysteine peroxiredoxin,complete,Christophe Dunand,['>4696|Fj1CysPrx| [Flavobacterium_johnsoniae]|Bacteroidetes/Chlorobi|1-Cysteine_peroxiredoxin|complete|\nMSTLRLGDIAPDFHAETTQGPINFHEWLGDSWGVLFSHPADFTPVCTTELGTVANYVPEFTKRNTKVIALSVDGLDSHKEWIKDINETQNTEVNFPIIADEDKKVANLYDMLHPNASDKFTVRSVFVIGPDKKIKLTLTYPASTGRNFDELLRVIDSLQLTANYSVATPANWKDGEDVVIAPAIPDSDIPAKFPKGHKPIKPYLRLTPQPNK\n\n']
4697,Ch1CysPrx,Bacteroidetes/Chlorobi,Cytophaga hutchinsonii,1-Cysteine peroxiredoxin,complete,Christophe Dunand,['>4697|Ch1CysPrx| [Cytophaga_hutchinsonii]|Bacteroidetes/Chlorobi|1-Cysteine_peroxiredoxin|complete|\nMSLRLGDIAPDFKADTTEGPISFHEWLGDKWGVLFSHPADYTPVCTTELGATAKLKSEFEKRNVKVAALSVDGLESHKGWIKDINETQNTTVNFPIIADEDRKVAELYDMIHPNASEKFTVRSLFIIGNDKKIKLIITYPASTGRNFTEILRVIDSLQLTANYSVATPANWKDGEDVVITPAVKDEDIAAKFPKGYTRVKPYLRTTPQPNK\n\n']
4698,ChAhpC,Bacteroidetes/Chlorobi,Cytophaga hutchinsonii,AhpC like peroxiredoxin,complete,Christophe Dunand,['>4698|ChAhpC| [Cytophaga_hutchinsonii]|Bacteroidetes/Chlorobi|AhpC_like_peroxiredoxin|complete|\nMQNRILSVGSAFPAFKKTAVVSIEKGKEFTEISSENLVNEDNQWTVMFWWPKDFTFVCPTEIAEFNNAFGDFRDRDTTLIGASTDSEFVHAAWRRDHEDLRGLKFPMLADTSKSLAEELGILEAAEKVALRATFIIDPQGIIRWVSVNDLNVGRNVKEVIRVLDALQTDELCPCNWEKGQETIHA\n\n']
4742,GfoCMD,Bacteroidetes/Chlorobi,Gramella forsetii,Carboxymuconolactone decarboxylase (peroxidase activity),complete,Filippo Passardi,['>4742|GfoCMD| [Gramella_forsetii]|Bacteroidetes/Chlorobi|Carboxymuconolactone_decarboxylase_(peroxidase_activity)|complete|\nMSKNYYDAADLRKFGEITEWSEELGTKFFDYYGKVFEEGALSAREKSLIALAVSHVVKCPYCIDAYTKDGLQRGITKEEMMEAVHAGAAIESGATLVHGVQMMNKYKKLSM\n\n']
4743,BBFL7CMD,Bacteroidetes/Chlorobi,Flavobacteria bacterium BBFL7,Carboxymuconolactone decarboxylase (peroxidase activity),complete,Filippo Passardi,['>4743|BBFL7CMD| [Flavobacteria_bacterium_BBFL7]|Bacteroidetes/Chlorobi|Carboxymuconolactone_decarboxylase_(peroxidase_activity)|complete|\nMDKTYYDPKDLRKFGKITEWSEELGTKFFDYYGQVFEEGELTAREKSLIALAVSHAVHCPYCIDAYTGDALKRGITKGEMMEAVHVAGAIQAGATLVHGVQMMNKVNKLEM\n\n']
4749,BtheAlkyPrxn02,Bacteroidetes/Chlorobi,Bacteroides thetaiotaomicron,Other alkylhydroperoxidase (no peroxidase activity),complete,Filippo Passardi,['>4749|BtheAlkyPrxn02| [Bacteroides_thetaiotaomicron]|Bacteroidetes/Chlorobi|Other_alkylhydroperoxidase_(no_peroxidase_activity)|complete|\nMNKLITTIACLICCIVYTQAQNKNNMLSKKEQSIAAISMYAARGNQDSLKVILARGLDCGLTVSEEKEVLTQLYAYCGFPRSMGALVTLMNLTKERAAQGIKDEAGREPSPVKSSDMFVVGGQNQLKLFGRPALGEVLTFAPALDQFLKAHLFGDIFSRDNLDWRTRELSTVAALSVLDGVKNELNTHIAHAKHNGVTQAQIDEVLIMAARCRNGMVLSESDEPAKTFQTDPTITVRKVFYKNRYDIMLCAEMYLPKDFNEAQHYAALIIGHPFGAVKEQCSGLYAQEMARRGYVTLAFDASYQGESGGEPRHTVSPDALVEDFSASVDWLGLQPFIDRNRIGVIGICGSGGFSVCAASLDPRIKALATVSMYDMGRATRNGLGDSMTDEQRRKLLDEVAEQRWKEAETGEARIRFGTPEKLLGNANAVQKEFFDYYRNPLRGYHPRYQGIRFTSQAALMNFYPFAMIKEISPRPVLFIAGEHAHSRYFSEDAYQEASEPKELYIVPGANHVDLYDRMDKIPFEKISEFFWYALR\n\n']
4750,BtheAlkyPrxn,Bacteroidetes/Chlorobi,Bacteroides thetaiotaomicron,Other alkylhydroperoxidase (no peroxidase activity),complete,Filippo Passardi,['>4750|BtheAlkyPrxn| [Bacteroides_thetaiotaomicron]|Bacteroidetes/Chlorobi|Other_alkylhydroperoxidase_(no_peroxidase_activity)|complete|\nMRKLFFIFVTVIGFLQIPMQSINAQSMKKEEVPQNISAFPLGKENTGFKQYFTGESWLAPLTGNKDLNVPMSNVTFEPGCRNNWHSHTGGQILIAVGGVGYYQERGKAARRLLPGDVVEIAPDIEHWHGAAPDSWFSHLAIGCNPQTNKNIWLEQVDDQQYAEATKDNGGTGLSATDPELDAIFGNFTKEVQQYGNLDTKTRLMVTLASNIASQAQTEYRMMLESALNAGITPIEIKEILYQAVAYAGMAKVMDFVGITNEALLAHGVRLPLEGQAVVSAETRFDKGLALQKSIFGERIDQMHKNAPENQKHIQRYLSANCFGDYQTRGGLDVKTRELLTFSILVSLGGCESQVKGHIQGNVNVGNNKDTLLAVVTQLLPYIGYPRTLNAIACLNEVIPEK\n\n']
4752,BfrAlkyPrxn_ATCC25285,Bacteroidetes/Chlorobi,Bacteroides fragilis,Other alkylhydroperoxidase (no peroxidase activity),complete,Filippo Passardi,['>4752|BfrAlkyPrxn_ATCC25285| [Bacteroides_fragilis]|Bacteroidetes/Chlorobi|Other_alkylhydroperoxidase_(no_peroxidase_activity)|complete|\nMKTKVASLALLLTLIFPIMAKSQVKIQQTAGRDALGEFAPEFARLNDDILFGEVWSRNDLLSLRDRSIVTVVALMSQGLTDSSFKYHLESAKKNGVTRTEIAEILTHAAFYAGWPKAWAAFRMAKEVWTDGNADSVAASSLEAYAQTIIFPVGNPNDAYAKYFIGQSYTAPVVTDGVPVVNVTFEPGCRNNWHVHKATKGGGQTLVCVGGRGYYQEWGKEPVELRPGDAINIPAGVKHWHGAAPDSWFSHLAIEVPGENNSTEWLEPVGDEEYSKLK\n\n']
4753,BfrAlkyPrxn_YCH46,Bacteroidetes/Chlorobi,Bacteroides fragilis,Other alkylhydroperoxidase (no peroxidase activity),complete,Filippo Passardi,['>4753|BfrAlkyPrxn_YCH46| [Bacteroides_fragilis]|Bacteroidetes/Chlorobi|Other_alkylhydroperoxidase_(no_peroxidase_activity)|complete|\nMNKVFLFLLFSFLTITSMAQEKIKQTAGRDQLGDFAPKFAELNDDVLFGEIWSRTDKLSLRDRSLVTITSLISQGITDNSLTFHLQSAKNNGISRTEISEIITHIGFYAGWPKAWAAFRLAKEVWAKDTTGVDAKAAFQREMIFPIGEPNTAYAQYFTGNSYLAPISHEQVNISNVTFEPGCRNNWHVHHAKKGGGQMLIGIAGRGWYQEEGKPAVEILPGTVIHIPANVKHWHGATAESWFAHLAFEIPGEDSSNEWLEPVTNKEYNRLPQ\n\n']
4760,FjCMD,Bacteroidetes/Chlorobi,Flavobacterium johnsoniae,Carboxymuconolactone decarboxylase (peroxidase activity),complete,Filippo Passardi,['>4760|FjCMD| [Flavobacterium_johnsoniae]|Bacteroidetes/Chlorobi|Carboxymuconolactone_decarboxylase_(peroxidase_activity)|complete|\nMSDLVQEFNDYRSKMNEKLLADNNKIVKRIFNLDTNAYAPGALDVKTKELLGLVASAVLRCDDCVKYHLETSYKEGISKEEMMEAMGIATLVGGTIVIPHLRRAYEFWEALEEAGK\n\n']
4761,MmarCMD,Bacteroidetes/Chlorobi,Microscilla marina,Carboxymuconolactone decarboxylase (peroxidase activity),complete,Filippo Passardi,['>4761|MmarCMD| [Microscilla_marina]|Bacteroidetes/Chlorobi|Carboxymuconolactone_decarboxylase_(peroxidase_activity)|complete|\nMEKNIVEEFNTYRAQMNEKILGADNKVLKRLFNLDTNCYQEGQVDVITKEMIGMACSMVLRCDDCVRYHLGKCYELEVTTEQVFEVFAIANLIGGTIVIPHLRRAVEYWETLQQNQGK\n\n']
4762,PtorCMD,Bacteroidetes/Chlorobi,Psychroflexus torquis,Carboxymuconolactone decarboxylase (peroxidase activity),complete,Filippo Passardi,['>4762|PtorCMD| [Psychroflexus_torquis]|Bacteroidetes/Chlorobi|Carboxymuconolactone_decarboxylase_(peroxidase_activity)|complete|\nMMDLVDEFEAYRAKMNGKILDENNKVLKRIFNLDTNSFTEGALDVKTKELLGLVSSLVLRCDDCVKYHLESSYKEGLKRAQIVEALSIGTLVGGTIVIPHLRRAFEYWEALEQKFGKTE\n\n']
5000,ChDiHPOX,Bacteroidetes/Chlorobi,Cytophaga hutchinsonii,Other di-haem peroxidase,complete,Filippo Passardi,['>5000|ChDiHPOX| [Cytophaga_hutchinsonii]|Bacteroidetes/Chlorobi|Other_di-haem_peroxidase|complete|\nMSEHIAFLSPAYFFVSSQTLYEDMNLSIRVFLILTSVLFCCSAVYNITEKPYVLNIPEGFPQPYIPEDNALTYARIELGKKLFYDTLLSSDRSVSCSSCHLQTMGFTDGKTLSTGVNQRVSDRNGMPLINLAWSNAFFWDGGVPSLELQVLKPLTSPNEMNLPVQEAVNRLNADHVYKKLFKKAYGTNPDAASLFKAIASFERTLISADTKFDAYFYKKDPAAFNESELRGYKLFFGGDKVHCGSCHSGINLTNNSFQNNGLYMEYSDQGRYRITGKESDKGKFKVPTLRNIALTAPYMHDGSLKTLEEVIDHYNTGGISHPNKSEHVHIHKGMKLNTQDKKDLVSFLHTLTDMTFITNKAFRPE\n\n']
5034,CphDiHCcP,Bacteroidetes/Chlorobi,Chlorobium phaeobacteroides,Di-haem cytochrome C peroxidase,complete,Filippo Passardi,['>5034|CphDiHCcP| [Chlorobium_phaeobacteroides]|Bacteroidetes/Chlorobi|Di-haem_cytochrome_C_peroxidase|complete|\nMKIHSIAAGVLVIGVMASCAKAPPPVNEPLPVEQPKTPVLQPKTNEPIQPVEDAKVTDPAMVELGKQLFFDPRLSKSGFISCNSCHNLSMGGSDNLKSSIGHKWNKGPINSPTVLNSSMNLAQFWDGRAKDLKEQAGGPIANPGEMAFTHELAIEVLQSIPGYAEEFKKVFGVDKIDIDQITRAIAAFEETLVTPNSRFDKWLKGDDAAITQNEREGYELFKSSGCTACHNGPALGGNSYQKMGVVEPYKGSTNAVGRSAVTGKDADRFNFKVPTLRNIELTYPYFHDGEAATMAKAVEVMGQIQLGKTFTPDENAKIVAFLKSLTGDQPKFVLPLLPPSSDTTPPPAPFK\n\n']
5040,PphDiHCcP,Bacteroidetes/Chlorobi,Pelodictyon phaeoclathratiforme,Di-haem cytochrome C peroxidase,complete,Filippo Passardi,['>5040|PphDiHCcP| [Pelodictyon_phaeoclathratiforme]|Bacteroidetes/Chlorobi|Di-haem_cytochrome_C_peroxidase|complete|\nMKTHFLVVALLAAGTLSSCAKKPQPEAATPPAPVAAPPAAPVLQPKTGEPVAPVEAPKVADQAMVELGKKLFFDPRLSKSGFISCNSCHNLSMGGSDNLKSSIGHKWKQGPINSPTVLNSSMNLAQFWDGRAKDLKEQAGGPIANPGEMGFTHDLAVTVLQSIPAYVDEFKKVFQADTIDIDKVTTAIAAFEETLVTPNARFDKWLRGDDAAITKEELAGYELFKSSGCTACHNGVALGGNSFQKMGAVEPYKTKNPASGRSAVTKDDADRFKFKVPTLRNVELTYPYFHDAGAATLSKAVEVMGQIQLGKTFTVEENANIVAFLKSLTGDQPKFELPQLPPSSDTTPLPQPFGK\n\n']
5050,PaeDiHCcP,Bacteroidetes/Chlorobi,Prosthecochloris aestuarii,Di-haem cytochrome C peroxidase,complete,Filippo Passardi,['>5050|PaeDiHCcP| [Prosthecochloris_aestuarii]|Bacteroidetes/Chlorobi|Di-haem_cytochrome_C_peroxidase|complete|\nMKLTTFLGALTTLAVTTSCTPDTEQQNNSKSAQKPAAEQEISVMRNEPVKPLEPAIITDTAMVELGKKLYFDPRLSLSGFISCNSCHNLSMGGSDNLKSSIGHKWSRGPINSPTVLNSNLNLAQFWDGRAKDLKEQAGGPIANPGEMAFTHELAVELLQSIPGYVDEFHQVFATTSIDIDQVTTAIAAFEETLVTPDSRFDLWLKGDDSAINETELKGYALFKSSGCSACHNGPALGGNSFQKMGLVAPYKATSPVEGRSAVTGKDADRFSFKVPTLRNVELTYPYFHDGEAETLAEAVEIMGRIQLGRTFTEEENEQIVAFLKTLTGTQPRMELPLLPPSSDTTPRPDPFSD\n\n']
5053,CchDiHCcP,Bacteroidetes/Chlorobi,Chlorobium chlorochromatii,Di-haem cytochrome C peroxidase,complete,Filippo Passardi,['>5053|CchDiHCcP| [Chlorobium_chlorochromatii]|Bacteroidetes/Chlorobi|Di-haem_cytochrome_C_peroxidase|complete|\nMKKHQMLAATLLAVGVLTSCSKKSEPVPEPAPVPPPAPVLQPRTGEPAQPIEAPTVADAGMVELGKKLFFDPRLSKSGFISCNSCHNLSMGGSDNLKSSIGHKWQQGPINSPTVLNSSMNLAQFWDGRAKDLKEQAGGPIANPGEMAFTHELAINVLKTVPGYVDEFKKVFKSDSLSIDQVTQAIASFEETLVTPNSRFDKWLKGDDAALTAEELAGYQLFKSSGCTACHNGVALGGNSFQKMGVVQPYRSTNKAAGRFAVTKDNADRFAFKVPTLRNVELTYPYFHDGAAPTLAKAVEIMGQVQLGRTFTPEENGSIVAFLKTLTGDQPSFSLPQLPPSSDTTPAPQPFGK\n\n']
5058,CliDiHCcP,Bacteroidetes/Chlorobi,Chlorobium limicola,Di-haem cytochrome C peroxidase,complete,Filippo Passardi,['>5058|CliDiHCcP| [Chlorobium_limicola]|Bacteroidetes/Chlorobi|Di-haem_cytochrome_C_peroxidase|complete|\nMHLRQIISGIAVLSVTASCAPTPQVEKKSEPAETLNVEVPKPRAGEPVSPISAATVSNAEMVELGKKLFFDPRLSKSGFISCNSCHNLSMGGSDNLKSSIGHKWNKGPINSPTVLNSSMNLAQFWDGRAKDLKEQAGGPIANPGEMAFTHELAVGVLQSIPGYVDEFKKVFGSDQITIDQITQAIAAFEETLVTPGSRFDKWLLGDDNAITKDEREGYELFKSSGCTACHNGPALGGNSYQKMGVVEPYKAASKVEGRSAVTGKDADRFNFKVPALRNVALTYPYFHDGEAATLAKAIDVMGQIQLGKRFTPEENAKIVAFMKTLTGKQPVFELPVLPPSSDTTPAPEPFGK\n\n']
5061,PlutDiHCcP,Bacteroidetes/Chlorobi,Pelodictyon luteolum (Chlorobium luteolum),Di-haem cytochrome C peroxidase,complete,Filippo Passardi,['>5061|PlutDiHCcP| [Pelodictyon_luteolum_(Chlorobium_luteolum)]|Bacteroidetes/Chlorobi|Di-haem_cytochrome_C_peroxidase|complete|\nMIRPRASMPGLSGMRVAAGALMNLKKLKKHITMNATSRLFAAAAFSVLAACSEGGQTPRSSSLRSEPVAPVAAARVDDPELVELGRKLYFDPRLSKSGFISCNSCHNLSMGGSDNLKSSIGHNWSKGPINAPTVLNSSMNLAQFWDGRAKDLQEQAGGPIANPGEMAFTHKLAVDMLLSIPAYVDEFREVFGAEGIDIKKVTKAIAAFEETLVTPGSRFDFWLKGDDRALSAEELEGYQLFKSSGCTACHNGPLFGGNSYQKMGVIEPYSAKSPAEGRSAVTGRDADRFNFKVPTLRNVELTYPYFHDGEAETLTEAVEVMGRIQLGRTYSESDNRKIVAFLKTLTGKQPEIMLPLLPPSSDSTPRPTPFE\n\n']
5066,CfeDiHCcP,Bacteroidetes/Chlorobi,Chlorobium ferrooxidans,Di-haem cytochrome C peroxidase,complete,Filippo Passardi,['>5066|CfeDiHCcP| [Chlorobium_ferrooxidans]|Bacteroidetes/Chlorobi|Di-haem_cytochrome_C_peroxidase|complete|\nVELGKKLFFDPRLSKSGFISCNSCHNLSMGGSDNLKSSVGHKWNQGPINSPTVLNSGMNLAQFWDGRAKDLKEQAGGPIGNPGEMSFTHDLAVSVLQSIPAYVDEFKKVFNADTIDIDKVTTAIAAFEETLVTPNARFDKWLNGDDAAITKEELAGYELFKSSGCTNCHNGPALGGNSFQKMGIVTPFMTKSKVVGRIAVTKDIADRFKFKVPTLRNVELTYPYFHDGSAQTLSKAVEVMGQIQLGKTYTPEENASLVAFLKSLTGDQPKFELPQLPPSSDTTPAPQPFGK\n\n']
5352,AlmacCP01,Bacteroidetes/Chlorobi,Algoriphagus machipongonensis,Catalase peroxidase,complete,Christophe Dunand,['>5352|AlmacCP01| [Algoriphagus_machipongonensis]|Bacteroidetes/Chlorobi|Catalase_peroxidase|complete|\nMEKHHSHSNGSSFETNSEGGKCPFTGGTMQHSAGGGTRNRDWWPNSLNLGILRQHSSLTNPMDKDFNYAEEFKTLDLETVKKDIVETLTTSQDWWPADFGHYGPFMIRMAWHSAGTYRIADGRGGGGAGAQRFAPLNSWPDNANLDKARLLLWPIKQKYGRKLSWADLMILAGNCALESMGLKTFGFGGGREDIWEPEEDVYWGSEGEWLGDKERYSGDRELENPLGASHMGLIYVNPEGPEGKPDPIGAARDIRETFGRMAMNDYETVALIAGGHTFGKTHGAGDADKYVAAEPAGAPIEEMSLGWKNTLGKGNAEDTITSGIEVTWTTTPTQWSNNFFENLFGYEWELTKSPGGAHQWRPKDGGGAGTVPDAHIPGKKHAPAMLTTDLALKFDPEYEKISRHFYENPDEFADAFARAWFKLTHRDMGPLALYLGPEVPKEELIWQDPIPKVNHKLVEASDIASLKAKILDAGLSVSELVSTAWASASTFRGGDKRGGANGARIRLEPMKNWEVNNPSQLSKVLKTLEGIQSDFNASQSDGKKVSLADLIVLGGCAAVEKAAKAGGHDIEVSFSPGRSDASQEQTEIESFDALEPAADGFRNYYKPKHKASAEELLVDKAQTLTLTAPEMTVLVGGMRVLKANFDNSKHGVFTSTPGSLTNDFFKNVLDLNTTWSATTDSQSIFVGSDRKTGEPKWTGTRVDLIFGSNSELRALSEVYACADSDKKFVKDFVAAWNKVMNLDRFDLK\n\n']
5516,BcaMnCat,Bacteroidetes/Chlorobi,Bacteroides caccae,Manganese Catalase,complete,Dominique Koua,['>5516|BcaMnCat| [Bacteroides_caccae]|Bacteroidetes/Chlorobi|Manganese_Catalase|complete|\nMFYHVKDLQFNARVSRPDPRFARILLEAFGGANGELTSALQYFVQAFSCHNPFPDKYDMLMDIATEELAHLEIVGATIQMLLGPVNGEMKDAAETMEIRKLMDGKSAKEEFIQQAFTNPQCVVVAPGSPMLTDSNGNPWCGSYVSANAELTVDLQSNMANECRAKIGYENLLKFTEDPSVRETLIFLMTREVTHFQQFEAALNTIQPNFPPAVLQTSPKYSNLYFNLSKGEEFRGPWNEGQSSRLKEEWQYIDNSLEEVRKTNGLVDRKPEGTERTEKQVAQMDKQLSDERSNEVLSATPEKELMWCDYQKSEKSSKK\n\n']
5517,BcapMnCat,Bacteroidetes/Chlorobi,Bacteroides capillosus,Manganese Catalase,complete,Dominique Koua,['>5517|BcapMnCat| [Bacteroides_capillosus]|Bacteroidetes/Chlorobi|Manganese_Catalase|complete|\nMFVYEKKLQYPVKISTPNPRLASFIISQYGGPDGELGASIRYLSQRYAMPYPELKGLLTDIGTEELGHLEMIGAIVHQLTRGLNDQQVREGGFAPYFVDHTTGVYPTAASGSPWNAAGIGVKGDVICDLTEDMAADGALASARIFSPPLLSPVLRFISCQRKGGFILNDAIYCKNVFQNESSTPDGAAYTRIWLELVRRAVERDICLETQVPDGDA\n\n']
5528,PdiDyPrx,Bacteroidetes/Chlorobi,Parabacteroides distasonis,DyP-type peroxidase B,complete,Christophe Dunand,['>5528|PdiDyPrx| [Parabacteroides_distasonis]|Bacteroidetes/Chlorobi|DyP-type_peroxidase_B|complete|\nMNSLQNPLNANYPQDVTQKPGENAVFIVYALKDLPDTIDKVKDVCANFSALIRSMRNRYPDMQFSCTIGFGADAWKRFFPEQGNPKELQPFEEIKGVKLTAVSTPGDLLFHIRCKQMGLCFEFASIIDQKLRGVVESIDETHGFRYRDGKAIIGFVDGTENPAVDEDPYRFAVIGDEDPEFMGGSYVFVQKYIHDMVAWNALPVEEQEKVIGRRKFNDVELSDEEKPKNAHNAVTNIGDDLKIVRANMPFAHTSKGEYGTYFIAYASTFSTTRRMLENMFVGDPVGNTDRLLDFSTPITGTLFFVPSYELLDKLGE\n\n']
5529,BfrDyPrx,Bacteroidetes/Chlorobi,Bacteroides fragilis,DyP-type peroxidase B,complete,Christophe Dunand,['>5529|BfrDyPrx| [Bacteroides_fragilis]|Bacteroidetes/Chlorobi|DyP-type_peroxidase_B|complete|\nMNSHQELFGGNIPQDVTGKQGENAIFIVYGLKQSDNTIKQVKDLCANFSALIRSMRNRFPEMQFSCTIGFGADAWKQLFPEQGNPKELKTFETIKGAKYTAVSTPGDILLHIRAKQMGLCFEFASIIDEKLKGVVDSIDETHGFRYMDGKAIIGFVDGTENPAVDENPYHFAVIGDEDPDFIGGSYIFVQKYIHDMTTWNSLPVEAQEKVIGRHKYNDVELSDEEKPQNAHNAVTNIGDDLKIVRANMPFANTSKGEYGTYFIGYASTFSTTHKMLENMFIGDPVGNTDRLLDFSTPITGTLFFAPSYDLLAKLGE\n\n']
5530,BtheDyPrx,Bacteroidetes/Chlorobi,Bacteroides thetaiotaomicron,DyP-type peroxidase B,complete,Christophe Dunand,['>5530|BtheDyPrx| [Bacteroides_thetaiotaomicron]|Bacteroidetes/Chlorobi|DyP-type_peroxidase_B|complete|\nMNPFQNSFGGHIPQDVAGKQGENVIFIVYNLTDSPDTVDKVKDVCANFSAMIRSMRNRFPDMQFSCTMGFGADAWTRLFPDKGKPKELSTFSEIKGEKYTAVSTPGDLLFHIRAKQMGLCFEFASILDEKLKGAVVSVDETHGFRYMDGKAIIGFVDGTENPAVDENPYHFAVIGEEDADFAGGSYVFVQKYIHDMVAWNALPVEQQEKVIGRHKFNDVELSDEEKPGNAHNAVTNIGDDLKIVRANMPFANTSKGEYGTYFIGYASTFSTTRRMLENMFIGSPAGNTDRLLDFSTAITGTLFFVPSYDLLGELGE\n\n']
5560,PtorHalNPrx,Bacteroidetes/Chlorobi,Psychroflexus torquis,"No haem, no metal haloperoxidase",complete,Dominique Koua,"['>5560|PtorHalNPrx| [Psychroflexus_torquis]|Bacteroidetes/Chlorobi|No_haem,_no_metal_haloperoxidase|complete|\nMSDLNTSSLEKSMAIKLSYSDYGKGQPVILIHGWPLNQKMWEYQVEALVHSGYRVITYDRRGFGESSKPWEKYDYDSLAKDLKDLIETLKLKDSILVGFSMGGGEVARYIGNYGTSSIAKAILVSSVTPFMMDTEDNKGVDSSVFEGMKEGISKDRPQFFKDFGKNFYNYETFKGDRISEAMLDFTWNLAMQGSRKATLDCVDSFGKTDFREDCKKFDVPTLIVHGDADQIVPIEVSAKKAKSLIFNAQLKVIKEAPHGLVITHHSEFNSILLNFLKGE\n\n']"
5561,GfoHalNPrx,Bacteroidetes/Chlorobi,Gramella forsetii,"No haem, no metal haloperoxidase",complete,Dominique Koua,"['>5561|GfoHalNPrx| [Gramella_forsetii]|Bacteroidetes/Chlorobi|No_haem,_no_metal_haloperoxidase|complete|\nMSFIETTSKEKGKNINLFYEDYGEGKPVILIHGWPLSHRMWEYQVNAVVDAGFRCIAYDRRGFGESDKPWSNYDYDSLAKDLNDIITNLSLSEVTIVGFSMGGGEVARYIGNYGTSKLSKAALISAVPPFMLKTDDNPDGLEKDVFEGFKEEIKKDRPAFLKGFGKQFVNFEKVGDRISEEMADYYWSIACKGSPNATLECIDSFGLTDFRKDLEKFDVPTLVVHGDADQIVPIKISGKKSAEMISKSEYHVIEEAPHGLVLTHTAEFNKIFTDFLKS\n\n']"
5562,MmarHalNPrx,Bacteroidetes/Chlorobi,Microscilla marina,"No haem, no metal haloperoxidase",complete,Dominique Koua,"['>5562|MmarHalNPrx| [Microscilla_marina]|Bacteroidetes/Chlorobi|No_haem,_no_metal_haloperoxidase|complete|\nMTNVINSAFHPINFPKPTLISVNGIALEVFEAGRQNAGKPIVLCHGWPEHAFSWRHQVPALVAAGYQVIVPNQRGYGNSSCPTEVTDYDLEHLTGDLVALLDHYGYQEATFIGHDWGAMVVWGMTLLHPNRVNKVINLSLPYQERGEKPWIEFMEDVLGNDYYFVHFNRQPGIADAVLEENTSQFLRNLYRKNKPLRAPQPGMEMINLAKAKTPLGEPIMNNSELAVFVSAFETSGFTGSINWYRNLDRNWQLLADVDPVIQQPTLMIYGNHDLIPKFERLPEFVPKVEVISLDCGHWIQQELPEETNRAILKWLEQQEAS\n\n']"
5801,PEspCP01,Bacteroidetes/Chlorobi,Pedobacter sp. BAL39,Catalase peroxidase,complete,Marcel Zamocky,['>5801|PEspCP01| [Pedobacter_sp._BAL39]|Bacteroidetes/Chlorobi|Catalase_peroxidase|complete|\nMEKESNDISKCPFHNGSMKHNVGGGGTRNHDWWPNQLKLAILRQHSSLSDPMGEDFDYAEAFEKLDLEAVKQDLHALMTDSQDWWPADFGHYGGLFIRMAWHSAGTYRVGDGRGGAGAGLQRFAPLNSWPDNVSLDKARRLLWPIKQKYGRNISWADLMILTGNIALESMGFKTFGFAGGRADVWEADESVYWGSETTWLGGDLRYAHGSPGVDGGGVLVSDDDADGDVHTRDLEKPLAAVQMGLIYVNPEGPDGNPDPVAAAKDIRDTFGRMAMNDEETVALIAGGHSFGKTHGAAPSDNVGKEPEAVDLDMQGLGWNNSYGSGKGPDTITSGLEVTWTTTPTQWSNNFFENLFGFEWQLSKSPAGAHQWVAKNAEPIIPDAYDSTKKHWPTMLTTDLALRFDPSYEKISRRFLENPDAFADAFARAWFKLTHRDMGPRARYLGPDVPEEILMWQDPIPAVDHTLVSDADVAALKAKVLESGLSVSELVSTAWASASTFRGSDKRGGANGARIRLAPQKYWQVNNPSQLQRVLDVLEGIQAAFNAAPEDGRKISLADLIVLAGTAAVEKAAKDAGHDVTVPFSAGRMDASQEQTDVESFGYLEPAADGFRNYRRSKVPVSTEELLIDKAHLLTLTAPELTVLVGGLRVLNINFDGSRHGAFTARPGILSNDFFVNLLDMATVWKAASPDKEVYEGSDRNTGALKWTGTRADLVFGSNSELRAIAEVYASADSQDKFIHDFVAAWNKVMNLDRFDLN\n\n']
5993,BfrTPx01,Bacteroidetes/Chlorobi,Bacteroides fragilis,Thioredoxin-dependent thiol peroxidase,complete,Christophe Dunand,['>5993|BfrTPx01| [Bacteroides_fragilis]|Bacteroidetes/Chlorobi|Thioredoxin-dependent_thiol_peroxidase|complete|\nMATTNFKGQPVKLIGEFIQVGKVAPDFELVKSDLSSFALKDLKGKNIVLNIFPSLDTGVCATSVRKFNKMAAGMKDTVVLAISKDLPFAQGRFCTTEGIENVIPLSDFRFSDFDESYGVRMADGPLAGLLARAVVVIGKDGKVAYTELVPEITQEPDYEKALAAVK\n\n']
5997,BfrTPx02,Bacteroidetes/Chlorobi,Bacteroides fragilis,Thioredoxin-dependent thiol peroxidase,complete,Christophe Dunand,['>5997|BfrTPx02| [Bacteroides_fragilis]|Bacteroidetes/Chlorobi|Thioredoxin-dependent_thiol_peroxidase|complete|\nMAKTAFKGTPVTLAGEFVKAGTSAPEFTLVKGDLSNYTLKDGKGKYLILNIFPSMDTGVCATSVRKFNQLAANQPNTVVLAISKDLPFAQGRFCTTEGITNVIPLSDYRYTSDFAEKYGVLMTDGPLAGLLARSVVVIDPEGKVVYTELVPEITQEPNYEAALKAVK\n\n']
5998,BtheTPx01,Bacteroidetes/Chlorobi,Bacteroides thetaiotaomicron,Thioredoxin-dependent thiol peroxidase,complete,Christophe Dunand,['>5998|BtheTPx01| [Bacteroides_thetaiotaomicron]|Bacteroidetes/Chlorobi|Thioredoxin-dependent_thiol_peroxidase|complete|\nMATTNFKGQPVKLIGEFIQVGKVAPDFELVKTDLSSFSLKDLNGKNVILNIFPSLDTSVCATSVRKFNKMGAGLKDTVVLAISKDLPFAHARFCTTEGIENVIPLSDFRFSDFDESYGLRMADGPLAGLLARAVVVIGKDGKVAYTELVPEITQEPDYDKALAAVKE\n\n']
6000,PginTPx01,Bacteroidetes/Chlorobi,Porphyromonas gingivalis,Thioredoxin-dependent thiol peroxidase,complete,Christophe Dunand,['>6000|PginTPx01| [Porphyromonas_gingivalis]|Bacteroidetes/Chlorobi|Thioredoxin-dependent_thiol_peroxidase|complete|\nMSLKIFLTALSVMATVTLQGKININTNGQLPGVGSVAPDFKAVRADLSEVSLSEFKGKRVVINIFPSIDTGVCAASVRRFNQEASSLDNTVVLCLSKDLPFAQARFCGAEGLDKVITVSAFRCDCFEKGYGLLMTDGPLKGLLARAVVVVDENGKIIYEELVPEITQEPNYEAAIAALK\n\n']
6013,FjTPx,Bacteroidetes/Chlorobi,Flavobacterium johnsoniae,Thioredoxin-dependent thiol peroxidase,complete,Christophe Dunand,['>6013|FjTPx| [Flavobacterium_johnsoniae]|Bacteroidetes/Chlorobi|Thioredoxin-dependent_thiol_peroxidase|complete|\nMASITLGGNPVHTSGELPAVGSKLADFKLVQNDLSVASLSTFAGKKLVLNIFPSVDTGTCATSVRTFNASASGLENTTVLCISRDLPFAQKRFCGAEGLENVVNLSDFQTGAFGKANGLEIVDGPLAGLHSRAIIVVDADGTITHTEQVAEIANEPNYEAALAAL\n\n']
6203,RbCP01,Bacteroidetes/Chlorobi,Robiginitalea biformata,Catalase peroxidase,complete,Marcel Zamocky,['>6203|RbCP01| [Robiginitalea_biformata]|Bacteroidetes/Chlorobi|Catalase_peroxidase|complete|\nMGKDNQAKSKDIHAHTAQDGQAWDVNESSAANCPFLNGELHQAAGGGTTNRDWWPNSLNLNILRQHSELADPMDKDFNYAEAFKSLDLEAVKKDLRELMTDSQDWWPADYGHYGPFFIRMAWHAAGTYRISDGRGGGGTGAQRFAPLNSWPDNANLDKARMLLWPIKQKYGKKLSWADLLILTGNVAHESMGLPMYGFAGGREDIWQPEEDIYWGSETEWLGNKERYNEDGELERTMGAAHMGLIYVNPEGPNGKPDPEAAAHDIRVTFGRMAMNDYETVALIAGGHTFGKTHGAAPDTEYLEAEPAGANIEMQSLGWKNNFGSGMGSDTITSGLEGAWTDTPIQWSHKYLENLFNYEWELTKSPAGAWQFKPKDGAGAGTVPDAHDPEKKNDPFMLVTDLALRMDPDYEKISRHFLENPEEFKEAYQKAWFKLTHRDMGPKSRYLGPEVPEEDLIWQDPIPAADFDLIDQQDIESLKAEILDSGLTVSQLVGAAWASASTFRGSDKRGGANGGRVRLEPQVQWEVNNPVQLGKVLDGLTKIQKAFNDSQSGNKQVSMADLIVLGGCAAVEKAAKDAGHDIRVPFTPGRTDATQEMTDVEAFDHLRPVADGFRNYQQQKFSARTEELLVDKAQLLTLTAPEMTVLVGGMRALNANYNGSKHGVFTERPEVLTNDFFVNLLDMRTTWKAVSEDEEFFEGRDRKSGNVKWTATRADLIFGSNTELRAIAEVYACSDSGEKFVRDFVKAWDKVMNLDRFELA\n\n']
6253,GfoCP01,Bacteroidetes/Chlorobi,Gramella forsetii,Catalase peroxidase,complete,Marcel Zamocky,['>6253|GfoCP01| [Gramella_forsetii]|Bacteroidetes/Chlorobi|Catalase_peroxidase|complete|\nMGNNKSGSEDNHKVWEVNESSKCPFMGGALNKTAGKGTSNRDWWPNQLNLNILRQNSSLINPMDDGFNYAEAFKSLDLNAVKQDIYDLMTNSQDWWPADYGHYGPFFIRMAWHSAGTYRIGDGRGGAGSGQQRFAPLNSWPDNANLDKARLLLWPVKKKYGKNLSWADLLVLAGNCAHESMGLKMFGFAGGREDVWEPAQDVYWGAETEWLNNDERYAGEELENPLGAAHMGLIYVNPEGHNGNPDPVEAASYIRETFGRMAMNDYETVALIAGGHTFGKTHGAADAEEYVEAEPAAAGIESQGLGWKNTFGTGNGADTITSGIEGAWTDTPTKWSNKYFDNLFKYDWECIKGPGGAYQWQPKDNAGAGTVPDAHDPDKKHAPFMLTTDLSLKMDPEYEKISRHFYENPDEFADAYSRAWFKLTHRDMGPIERYLGPEVPKEELLWQDPIPKVDHEIINDSDIASLKNKILNTGLSVQELVTTAWGSASTFRGSDKRGGANGGRIRLAPQNGWEVNNPKQLGKVIDTLEKIQQDFNESQSGSKKVSIADLIVLAGCVGVEKAAKTAGHELKVPFSPGRADASQEQTDVEAFEPLEPNADGFRNYFRNRDHVSASAEELLVDRAQLLTLTVPQMTVLLGGMRAMGANYDGSKKGVFTDRPGQLTNDFFKNILEMGLTWKSSSDSETEFDGSDRKTGDVKWTGSRADLIFGSNSELRAIAEVYGTDDVEAKFVKDFVKAWDKVMNLDRYDLK\n\n']
6255,CatCP01,Bacteroidetes/Chlorobi,Croceibacter atlanticus,Catalase peroxidase,complete,Marcel Zamocky,['>6255|CatCP01| [Croceibacter_atlanticus]|Bacteroidetes/Chlorobi|Catalase_peroxidase|complete|\nMDNNNSNVWDINDPSAVAKCPFLGGAQSNTAGHGTTNRDWWPNELKLNILRQNSSKSNPMGSDFNYKEAFNSLDYAKLKQDVIHLMTDSQDWWPADYGHYGPFMIRMAWHSAGTYRIGDGRGGASSGTQRFAPLNSWPDNGNLDKARLLLWPIKKKYGNKISWADLMILAGNCALESMGFKTFGFAGGREDIWEPEQDIYWGSETEWLGNEERYADGDLEAPLGAAHMGLIYVNPEGPNGNPDPLGSAKDIKETFGRMAMDDEETVALIAGGHTFGKTHGAADPDKYVGAEPHGAPIEEMSTGWKNTYGTGVLDDTITSGLEGAWTPNPTQWDHDYFEVLLNYDWELSKSLAGAHQWIPTKASNARMAPKAGDANAKQGLMMSTADMALKMDPDYLKISKKFHTDHKAFEDAFARAWYKLTHRDMGPISRYLGPEVPQEELLWQDPLPASNFTPSEEDVNSLKSAIANTELSVSELVSTAWASASTFRGSDKRGGANGSRIRLAPQNRWEVNNPEQLHKVLNVLKGIQNDFNTNGKDVSMADLIVLAGSVGVEKAAEKAGHSVTVPFTGGRTDASQEQTDIDSFGYLEPQADGFRNFIKDNQKAAAEDLLVDRAQLLTLSIPEMTVLVGGLRVLGANYNGSNYGVFTDRKEALTNDFFTNLLDFTYTWKATTDDDTIFEGSDRRTGDKKFEATRADLIFGSNTELRAIAEVYGTEDAEEKFVKDFIDAWTKVMNLDRFDL\n\n']
6280,PEspKat01,Bacteroidetes/Chlorobi,Pedobacter sp. BAL39,Catalase,complete,Marcel Zamocky,['>6280|PEspKat01| [Pedobacter_sp._BAL39]|Bacteroidetes/Chlorobi|Catalase|complete|\nMAKKQTPPKEGTEAVIDKKLTPQPENIKTEKLEPHTATATGAPMTTNHGVKINDDQNSLKAGERGATLLEDFILREKITHFDHERIPERIVHARGSGAHGIFKLYESQSAFTKAAFLNDTTVETPVFVRFSTVAGSRGSTDLARDVRGFAVKFYTEEGNFDLVGNNMPVFFIQDAIKFPDLIHAVKPEPDNEIPQAASAHDTFWDFISLMPESAHMIMWAMSDRALPRSYRMMEGFGVHTFRLINETNESFFVKFHWKPLLGVHSVAWDEAQNISGKDPDFHRRDLWDAIEAGAFPEWELGLQIIPEADEFKFDFDLLDPTKLIPEELVPVQRIGKMTLNRNPDNFFAETEQVAFHVGHIVPGIDFSNDPLMQGRLFSYTDTQLIRLGGPNFHEIPINRPIIPVHNNQRDGHMRQTINRGKTSYSPNTLGDNDPAQVKVADGGFSSYQERIDAKKVRARSKSFFDHFSQARLFLNSQSAPEKNHLIDALTFELGKVKTVAIRERMLGILSQIEEQLAKQVAYGLGLSVPKKPEQPMNKSIPADGDPADYQPLIVESKLKKSEALSMANTVKDSIKSRKIAVLAADGVNSSSVTHLKSALEGAGAVVEIIAPRLGFISGTDGDKINVDQSFLTAASVLFDAVYVPGGTDSVAAVAAEANAIHFLNEAFKHCKAIAADESALPVLKVTYFHDKLPKDKNAAGQTKDGIIVGTDPAKLGKEFIEAIAQHRFWEREPARLVPA\n\n']
6288,FjKat01,Bacteroidetes/Chlorobi,Flavobacterium johnsoniae,Catalase,complete,Marcel Zamocky,['>6288|FjKat01| [Flavobacterium_johnsoniae]|Bacteroidetes/Chlorobi|Catalase|complete|\nMKNFQDEKQRDLLINKSDGTNKFLTTDQGVKINDDNNSLKAGERGPSLLEDFILREKITHFDHERIPERIVHARGSGAHGFFEVTNPIPELTKAGFLQEKGLKTPVFTRFSTVAGSRGSTDLARDVRGFSVKFYTQEGIYDLVGNNVPVFFIQDASKFPDLIHAVKPEPHNEIPQAASAHDTFWDFISLMPESMHMIMWAMSDRAIPRSYRMMEGFGVHTFRLINEAGESVFVKFHWKPKLGTHAVAWDEAQKISGKNPDFHRQDLWEAIEAGNFPEWDLGVQIIPSEDENKYEFDLLDPTKLVPEELVPVTIIGRMVLNKNPDNFFAETEQIAFHPGHVVPGIDFTNDPLLQGRLFSYTDTQLSRLGSPNFHEIPINRSVAPVHNNQRDGHMRQEINTGRVSYHPNSLGGGCPYQAKIAEGGFASFNERIDAHKIRERSESFNDHFGQAKLFFNSQTPAEKSHIVKALRFELGKVETTAIRIRMLGLLSQVDQELAEKVAIGLGATVPPVLEKPLNHGVSPENENGKQESTTVEQSVKSSDALSMLKNPVNSPTIASRKVAIICADGVSEAAVSNMKKALLQEDAKGCIVAPHLGAVISDTDGEIHADFSFLTASSVLFDAVYIPDGVGLTVLAESDEVNEFLSDAYKHCKVIGADGRAVSILSAANFASKITNDDEGLIVTKEAASEKFAKDFIQAMGKHRFWEREPNLYN\n\n']
6805,ChDyPrx,Bacteroidetes/Chlorobi,Cytophaga hutchinsonii,DyP-type peroxidase C,complete,Marcel Zamocky,['>6805|ChDyPrx| [Cytophaga_hutchinsonii]|Bacteroidetes/Chlorobi|DyP-type_peroxidase_C|complete|\nMNESVELHDVQGIIIKGYDKLKAATFLLLEITDSTKTKQWLASQLPMVTHADISTKTITTAVQLAFTYSGVAALNVPAEALKTFPPEFIEGMVTEHRSRMLGDLEDSAPDKWKWGGTEKDFYSIHLLLMLYATDDSTLQHFYTEQKNTLDAAGLKIAYQLETSKLPKEKEHFGFRDGIAQPVMRGINHTSDNEANLIKPGEFLFGYQNEYEKYMFSPTVAPENDPANILPADMNNPLLKDLGRNGSMLVFRQLEQNVKAFWAMAERAAKEQNTHDDPVTPEYIASKMLGRWPNGSPLTKCPMEPDASKETFDNFGYAKHDYDGLKCPIGAHIRRANPRDNFLRDSTGDQEKDIEKSMKFMKRFRIIRRGRSYGAPLVESMEPKDIIQAAEDHKERGLYFLCFNSNIGRQYELIQQTWINNPKFAGLYEDPDPMIGYPGIMGDGATTTFTEQAVPVRKQVRGITRFVNVKGGGYFFMPGLNALKYISSL\n\n']
6980,PhepCP01,Bacteroidetes/Chlorobi,Pedobacter heparinus,Catalase peroxidase,complete,Marcel Zamocky,['>6980|PhepCP01| [Pedobacter_heparinus]|Bacteroidetes/Chlorobi|Catalase_peroxidase|complete|\nMENNPNDISKCPFHNGSMKHNVGGGGTRNKDWWPNQLKLNILRQHSSLSNPMDKDFNYAEAFKSLDFAALKKDLHALMTDSQDWWPADFGHYGGLFIRMAWHSAGTYRVGDGRGGAGAGLQRFAPLNSWPDNVSLDKARRLLWPVKQKYGRNISWADLMILTGNVALESMGFKTFGFAGGREDVWEADESVYWGAETTWLGGDLRYAHGSPGVEGDGVLVTDDNADGNIHSRNLEKPLAAVQMGLIYVNPEGPDGNPDPIAAAKDIRDTFGRMAMDDEETVALIAGGHSFGKTHGAASADHVGKEPEAVDIEMQGLGWRNSYGTGKGADAITSGLEVIWTKTPTQWSNNFFENLFGFEWELSKSPAGAQQWVAKNAEAFIPDAFDGSKKHRPTMLTTDLSLRFDPAYEKISRRFFENPDAFADAFARAWFKLTHRDMGPRERYLGPEVPQEELIWQDPIPAVNHVLINENDIAALKAQVLESGLSIAELVSTAWASASTFRGTDKRGGANGARIRLAPQKYWQVNNPPQLQKVLNILEGIQKEFNTAQTAGKKVSLADLIVLAGCAGVEKAATTAGYAITVPFIPGRMDASQEQTDVESFGYLEPAADGFRNYRKSKIPVSTEELLIDKAHLLTLTIPELTVLLGGMRVLDTNFDASKHGIFTSKPGQLSNDFFVNLLDMNTVWKAASADREVYEGRDRNTGEIKWTGTRADLVFGSNSELRAVAEVYGSSDSRQKFITDFVFAWNKVMNLDRFDLG\n\n']
6981,CHpiCP01,Bacteroidetes/Chlorobi,Chitinophaga pinensis,Catalase peroxidase,complete,Marcel Zamocky,['>6981|CHpiCP01| [Chitinophaga_pinensis]|Bacteroidetes/Chlorobi|Catalase_peroxidase|complete|\nMEKELNDISKCPFHNGTLKHNTGGGGTRNRDWWPNQLKLNILRQHAPASNPLGGDFNYAAAFKSLDLEAVKKDLHALMTDSQDWWPADFGHYGPLFIRMAWHSAGTYRVTDGRGGAGSGQQRFAPLNSWPDNVSLDKARRLLWPIKQKYGRSLSWADLLILTGNVALESMGFKTFGFAGGREDKWESEEDVYWGAETTWLGGDIRYAHGSEGVPKEHGVVSSDDDADGDIHSRDLEKPLAAVQMGLIYVNPEGPDGNPDPIAAAKDIRDTFGRMAMNDEETVALIAGGHSFGKTHGAAPSSHVGKEPEAAGLESQGLGWNNSYGSGKGADTITSGLEVIWTTTPTQWSNNFFENLFNFEWELTKSPAGAHQWVAKNADDIIPDAYDSSKKHRPTMLTTDLSLRFDPVYEKISRRFLEDADAFADAFARAWFKLTHRDMGPRVRYLGPDVPEEVLLWQDPIPATDHPLIDENDIAALKAKVLESGLSVSELVSTAWASASTFRGSDKRGGANGARIRLAPQRYWKVNNPSQLQKVLDVLEGIQKAFNNGGKKVSIADLIVLAGAAGIEKAAKDAGQTLTVPFTPGRGDASQDQTDVESVGFLEPVADGFRNYRKSRVPASTEALLIDKAQLLTLTAPELTALTGGLRVLNTNYNGGSEGVFTKRPGVLTNDFFVNLLDMKTAWKAVSADQELFEGTDRTSGEVKWTATRADLVFGSNAELRAIAEVYGAGDGQELFIKDFVAAWNKVMNLDRFDLAK\n\n']
6982,DferCP01,Bacteroidetes/Chlorobi,Dyadobacter fermentans,Catalase peroxidase,complete,Marcel Zamocky,['>6982|DferCP01| [Dyadobacter_fermentans]|Bacteroidetes/Chlorobi|Catalase_peroxidase|complete|\nMENGSNDISKCPFHNGTMNHNVGGGGTRNRDWWPNQLKLNILRQHSSLSSPMGEDFNYAEAFKSLDLEAVKTDLHALMTDSQDWWPADFGHYGPLFIRMAWHSAGTYRVFDGRGGGGSGQQRFAPLNSWPDNVSLDKARRLLWPIKQKYGNKISWADLLILAGNIALESMGFKTFGFAGGRADVWEADEDVYWGSENTWLGNDRRYAHGQPGLAEPGVLVSDEDAGGTTHSRNLEEPLAAAHMGLIYVNPEGPDGNPDPIAAAKDIRDTFGRMAMNDEETVALIAGGHSFGKTHGAASSDHVGAEPEGADLENQGLGWSNSFGTGKGAHTITSGLEVTWTTTPTQWSNNFFENLFAFEWELTKSPGGAHQWVAKDAGEIIPDAYDGSKKHRPTMLTTDLSLRFDPAYEKISRHFLENPDAFADAFARAWFKLTHRDMGPRARYLGADVPQEVLIWQDPVPAVDHDLVTDSDIAGLKANILASGLTVPELVATAWASASTFRGSDKRGGANGARIRLAPQKDWKVNNPAQLQKVLRTLESIQQEFNATTGGRKISLADLIVLAGSAAVEKAAQDAGHAVTVPFTPGRTDASQEQTDVESVGHLEPIADGFRNYRGTKFKVSTEELLIDKAQLLTLSAPEMTVLLGGLRVLNINFDGSKHGVFTQRPGVLTNDFFVNLLDMNTAWKAMGDDRETYLGSDRASGQPKWTASRADLVFGSHAELRAIAEIYASADSGAKFAKDFVAAWTKVMNLDRFDLV\n\n']
6984,CgleCP01,Bacteroidetes/Chlorobi,Chryseobacterium gleum,Catalase peroxidase,complete,Marcel Zamocky,['>6984|CgleCP01| [Chryseobacterium_gleum]|Bacteroidetes/Chlorobi|Catalase_peroxidase|complete|\nMEKDLNDISKCPFHNGTMKKNNVAGGGTKNSDWWPDQLRVDLLRQHSSLSDPMDKDFDYAKAFESLDLEAVKKDLHALMTDSQDWWPADFGHYGPLFIRMAWHSAGTYRVGDGRGGAGAGQQRFAPLNSWPDNVSLDKARRLLWPIKQKYGKNISWADLLILTGNVALESMGFKTFGFAGGRADVWEPHSDVYWGSEKTWLGGDLRYAHGSEGVVEGQSAVLPTDDNADGDIHSRNLENPLAAVQMGLIYVNPEGPDGNPDPIAAAKDIRDTFGRMAMNDEETVALIAGGHTFGKTHGAGPADHVGKEPEGAGIELQGLGWASTYKSGSGRDAISSGLEVTWTETPTQWSNYFFKNLFENEWELTKSPAGAHQWVAKDGAEIIPDAFDSSKKHKPTMLTTDLSLRFDPVYEKISRHFYENPDAFADAFARAWFKLTHRDMGPRARYLGPEVPQEELIWQDPIPKVDHELIDENDAEALKSKILNSGLSISELVSTAWASASTFRGSDKRGGANGARIRLEPQRNWEVNNPSQLNKVLGVLEGIQKEFNDSQSGGKKISLADLIVLAGNAAVEVAARNAGQDVKVPFAPGRMDALQEQTDVESMGYLEPAADGFRNYLKRKYTVSTESLLIDKAQLLTLTAPELTVLIGGMRALDTNFDGSKHGIFTNRPGVLTNDFFVNLLDMSTQWKAMSDDKELYIGSDRSTGQPKWTATRADLVFGSNSELRAVAEVYGSSDAQSKFVKDFVAAWTKVMNLDRFDLV\n\n']
7193,BBFL7CP03,Bacteroidetes/Chlorobi,Flavobacteria bacterium BBFL7,Catalase peroxidase,complete,Marcel Zamocky,['>7193|BBFL7CP03| [Flavobacteria_bacterium_BBFL7]|Bacteroidetes/Chlorobi|Catalase_peroxidase|complete|\nMINTFIKNTLMENFKNSNGSNGDSQAKCPFSSEIVKKAAGGGSRNHDWWPNQLNLNVLRQHSSLSNPMDKDFDYKKEFESIDFDALKADIFELMTESQDWWPADYGHYGPLFIRMAWHSAGTYRIADGRGGAGAGTQRFAPLNSWPDNANLDKARLLLWPIKQKYGKKVSWADLMILAGNCALESMGFKTFGFGGGRTDVWEAEEDIYWGVEGEWLGDQRYTEDRELENPLAAVQMGLIYVNPEGPNGKPDPLASAVDIRETFGRMAMNDEETVALIAGGHTFGKTHGADNPDVYVGAEPAGARIEEQGLGWKNTLGSGNGVNTITSGLEGAWTTTPTQWSNNYFENLFGFEWELTKSPAGAHQWKPKSGGGAGTVPDAHDASISHAPTMLTTDIALREDPAYEAISRRFYENPDEFADAFARAWYKLTHRDMGPHSLYLGPEVPKEELIWQDPIPVRSTQLIDNKDIADLKAKILASGLSVSELVSTAWASASTFRGSDKRGGANGARICLAPQKDWEVNNPVQLNKVISALEAIKNDFNSASSGGKEVSMADLIVLAGSVAVEKAAKNAGHDVSVPFSPGRTDATQAQTDAESFAALEPNADGFRNYLRNKYKASEEELLVDRAQLLTLSAPEMTVLMGGLRVLNTNYDQSKRGVFTSQPEALTNDFFVNLLDFGTTWSAVSDSENLFEGKDRKTGAVKWSASRSDLIFGSNSELRGIAEVYACSDSEGKFISDFVSAWTKVMNLDRFDLA\n\n']
7232,RmaKat,Bacteroidetes/Chlorobi,Rhodothermus marinus (Rhodothermus obamensis),Catalase,complete,Marcel Zamocky,['>7232|RmaKat| [Rhodothermus_marinus_(Rhodothermus_obamensis)]|Bacteroidetes/Chlorobi|Catalase|complete|\nMEARKAPRLTTADGRPIGDNQNALTAGPRGPLLIQDVQLLEQIQHFNRERIPERVVHAKGSGAYGTFTVTNDVTRYTKAAFLSEVGKQTEVFVRFSTVAGERGAADAERDVRGFAVKFYTEEGNFDLVGNNTPVFFVRDPYKFQMFIHSQKRHPKTNLRDPDMQWDFWSLCPESLHQVTILFSDRGIPASYRHMNGYGSHTYSMYNDRGELFWVKFHFKTQQGIKCLTDEEAARLIGEDRETHQRDLYEAIERGDYPRWTLYIQVMTPEQAENFRWNPFDLTKVWPHAEFPLIEVGVLELNRNPENYFAEVEQAAFKPSAFVPGIGPSPDKMLQARLMSYADAHRYRLGVNYQQLKVNRPRCPVHHYQRDGFMAQIEGSGHPNYFPNSIPGSPQDDPIYKEPAWHLGEVIVDRYDSRKDHDDYTQAGNLYRLFDEGQKDRLARAIAASLGQARLEVQKRQLGHFYRADVDYGRRVARALGFDPAAIEAELGIDASVAG\n\n']
7254,SpliKat01,Bacteroidetes/Chlorobi,Spirosoma linguale,Catalase,complete,Marcel Zamocky,['>7254|SpliKat01| [Spirosoma_linguale]|Bacteroidetes/Chlorobi|Catalase|complete|\nMSTEQNKTNTNAKLDELDMNREDSSGQFLTTNQGLRVNDDQNSLKAGPRGATLLEDFILREKITHFDHERIPERIVHARGAAAHGYFQAYEPQPELTKAKFLLDPSVQTPVFVRFSTVAGSRGSTDLARDVRGFAVKFYTEEGNFDLVGNNIPVFFIQDAIKFPDLIHAVKPEPNNEIPQAASAHDTFWDFISLTPESMHMVMWVMSDRAIPRSYRMMEGFGVHTFRLINANGKSRFVKFHWKPLLGVHSVVWDEAQLISGRDPDFHRRDLWDAIEGGAYPEWELGVQVVEEEDEHKFDFDLLDSTKLIPEELVPIVRLGKMTLNRNPDNYFAETEQVAFHLGHVVPGIDFSNDPLLQGRLFSYTDTQLKRLGGPNFHEIPINRPIAPVHNGQRDGHMRQTINVGRTSYGPNAINGDSPAQATEAEGGFVSHAERIDANKVRARSKSFMDHYNQAKLFWNSQSPTEKTHIVKALRFELGKVVVEDIRKRMLIHLSQIDTTLATLVGEGLGLEVPSAEGVQLNKSVPADANPADYQSEPAKSTVGSSAALSMAHPPKKGIKTRQVAILAADGVDATQLKSMMNALSAEKAIIGIVAPRVGMLKTSGGETIKIDASLQTTASVLFDAVYVPGGQSSVKSLLQEPDAIRFIHEAFMHCKALAATGEGADLLQAAANGGAESLLSSEGVITSSDTGSEVPQKFIDAIEQHRFWSREKKLV\n\n']
7255,PhepKat01,Bacteroidetes/Chlorobi,Pedobacter heparinus,Catalase,complete,Marcel Zamocky,['>7255|PhepKat01| [Pedobacter_heparinus]|Bacteroidetes/Chlorobi|Catalase|complete|\nMEKKKPNAENAVNLKQKDLAPDTISDQGELMTTNQGLKINDDTNSLKAGERGPSLLEDFILREKITHFDHERIPERIVHARGSGAHGYFQVYESMGKYTKAGFLQDPSVKTPVFVRFSTVAGFRGSTDLARDVRGFSVKFYTQEGNYDLVGNNMPVFFIQDAIKFPDLIHAAKPEPDNEIPQAATAHDSFWDFISLSPESMHMIMWAMSDRAIPRSLRMMEGFGVHTFRFINAEGKSSFVKFHWKPILGMHAVAWDEALKISGKDPDFHRRDLHDAIESGAFPEWEFGVQIVAQEDEHKFSFDLLDPTKLIPEELVPVQRIGKMVLDRNPDNFFAEVEQVAFHPGHLVPGIDFSNDPLLQGRLFSYTDTQLSRLGSPNFHEIPINRSVNTVHNNQRDGHMRQQINVGKSSYHPNSVAGGSPAQATIAEGGFSSYEERVDAHKVRARSKSFMDFFSQATLFFNSQSEPEQNHIADALKFELGKVERVEIRQRMVNLLTLISVPLANTVADSLGLKAGKPQEPVNHVLGADANPADYKPVKVKSEIEKSPALSMANAPKDSIKTRQVAFLAANGVESTDFENMKKALLAAGAVVKVVAPKNGTLKDSAGKEIKIDMSFLTGTSVVFDAVYVPGGGKSIDALLAEPDAVHFINEAYRHCKAIAATGKGAELINQSYVGAKLKNGNADAKAGILTEAAPDAFIKAIAQHRFWQREKKDKVPA\n\n']
7256,CHpiKat01,Bacteroidetes/Chlorobi,Chitinophaga pinensis,Catalase,complete,Marcel Zamocky,['>7256|CHpiKat01| [Chitinophaga_pinensis]|Bacteroidetes/Chlorobi|Catalase|complete|\nMPDKKKTPIPSTENKKIAELSPNKEDSTGQDLNTNTGVKISDDHNSLKAGDRGPTLMEDFIFREKMTHFDHERIPERVVHARGSAAHGVFKVYESMEKYTKAGFLTDTSRETPVFVRFSTVAGSRGSTDLARDVRGFAVKFYTDEGIFDLVGNNMPVFFIQDATKFPDLVHAVKPEPHNEIPQAASAHDTFWDFISLMPESTHMIMWLMSDRAIPRSYRMMEGFGVHTFRFVNANEESCFVKFHWKPLLGVHSVAWDEAQKISGKDPDFHRRDLWEAIESGNFPEWELGVQIVPEADEHKFDFDLLDATKIIPEELVPVQRIGKLTLNRNPDNFFAETEQVAYHIGHVVPGIDFTNDPLLQGRLFSYTDTQLIRLGGPNFQEIPINRPVVPVHNNQRDGYMRQTINKGRTSYSPNSLGGGYPSQVKAADGGFRSYTEKIDARKIRERSRSFFDHYTQATLFFNSQSAPEKQHLIDALRFELGKVDTVAVRQRMIGILTQVDKDLAAQVAYGLGLEVPAGPEQPVNHGVPADADPAHYEPFPPKEPVPDISLALSMANTVKDSIQTRKIGFLAADGVDAASVNAAKSALEAAGAVVEIIAPHLGEIVAADGSLIPVQKSLLTASSVFYDALYVPSGPTSSGTLEADADAVHFLNEAYRHCKAIAAHADARQVLEATYFAKKLPEDDSEESALMEGVVVQEDVKKLSKIFISAIALHRFWEREKPRRVPA\n\n']
7258,DferKat01,Bacteroidetes/Chlorobi,Dyadobacter fermentans,Catalase,complete,Christophe Dunand,['>7258|DferKat01| [Dyadobacter_fermentans]|Bacteroidetes/Chlorobi|Catalase|complete|\nMAKRKAQQNPAVDQPENDKIRSLEPHMEDSTGELMNTNTGVRINDDQNSLKAGDRGASLLEDFILREKITHFDHERIPERVVHARGSGAHGFFKLYEPLGQYTKAQFLNDTSIETPVFVRFSTVAGSRGSTDLARDVRGFAVKFYTQEGNFDLVGNNMPVFFIQDAIKFPDLVHAVKPEPDNEIPQAASAHDTFWDFISVMPESAHMIMWLMSDRAIPRSYRMMEGFGVHTFRLINAEGVSHFVKFHWKPLLGVHAVAWDEAQNISGKDPDYHRRDLWDAIESGNFPEYELGLQIVPEADEFKFEFDLLDPTKIIPEELVPVIKVGKLTLNRNPENFFAETEQSAFHIGHVVPGIDFTNDPLLQGRLFSYTDTQLIRLGGPNFQEIPINRPIVPVHNNQRDGYMRQTINRGKISYGPNSLGDNYPLQAKASEGGFTSYPERIDARKIRARSKSFLDHFSQARLFFNSQSDPEKNHMIEAFSFELGKVQSVEVRQRMLGILSMVDKGLAAEVAFSLRLSVPEDPELPVNRSIPADGDPADYDPVMVEGSLAASAALSMANSPKDSIKTRKIAFLAADGVDSNSLNTVKAALEAEGAIVEVIAPRLNYVLSTTDEEIHVHHSFLTAASVLYDAVFVPGGTNSVATVEADADAVHFLNEAFKHCKAIAADAGAMQVIEATYFAKKIPAEFSDEAVLLDGIVISDDPATLARRFITAIAQHRFWEREKPRKIPA\n\n']
7261,GfoKat01,Bacteroidetes/Chlorobi,Gramella forsetii,Catalase,complete,Christophe Dunand,['>7261|GfoKat01| [Gramella_forsetii]|Bacteroidetes/Chlorobi|Catalase|complete|\nMKEDKGNAKQKDMQQNTSDAEGKTMTTNQGLKVNDTNNSLKAGERGATLLEDFILREKITHFDHERIPERIVHARGSAAHGYFELYESQEKYTKAGIFTDTKRKTPVFTRFSTVAGSKGSADMARDVRGFAVKFYTEEGIFDLVGNNMPIFFIQDAMKFPDLIHAVKPEPHREIPQAASAHDTFYDFVSRTPETLHNHIWVMSDRAIPRSLRMMEGFGIHTFRLINKEGKSHFVKFHWKPLLGVNSVTWDEAVKLHGADSDFHRRDLWDAIDSGQFPEWELGIQVVPEEDEHKFDFDLLDPTKLIPEEMVPVQRIGKMTLNRNPDNFFAETEQVAFHPGHIVPGIDFSNDPLLQGRLFSYTDTQLSRLGSPNFHEIPINRPVNPTHNNQRDGHMRMTVNKGNTAYFPNSMSGGCPHLAKMAEGGFTSYEERIDANKVRARSESFSDHFSQPGIFYRSLKDWEKNHVAEAYSFELGKCNHDYIKERMLWLINNIDEDLAKKVADNLGLKIPSKIEKPVNQAIGADDDGKKNEPQKRKDYIEKSEALSQTHIKADSIATRKIAFLVGDGFDAENVGSMKEALEKKNAVVNLVATHGGKVKCSKGEMHKVDAALMTTESVAFDALYIPGGSKSVKALKDSAKAKKFINESLKHCKAIAVDSEGEELFDETFGKDFKDDDAICINKKPADFIKAIGMHRNWNREEKAKMIPA\n\n']
7262,FbKat01,Bacteroidetes/Chlorobi,Flavobacteriaceae bacterium,Catalase,complete,Christophe Dunand,['>7262|FbKat01| [Flavobacteriaceae_bacterium]|Bacteroidetes/Chlorobi|Catalase|complete|\nMKVNEQEPFANGANPKIEQLGKYKNSDHGEFMTTDHGVKINDDQNSLLGGERGPSLLEDFIFREKMTHFDHERIPERIVHARGSGAHGYFQLYKPMGKYTKAKFLNDTTIKTPVFVRFSTVQGSRGSTDLPRDIRGFATKFYTQEGNYDLVGNNTPVFFIQDAMKFPDLVHALKPEPDNEIPQAASAHDTFWDFISLMPEAMHNIMWLMSDRAIPRTYRAMEGFGIHTFRFINEEGQSHFVKFHWKPLQGVLGLAWDEAQRLSGKDNDFHRRDLWDAIENGMYPEWELGVQIVPQEDEHKFPFDLLDATKMIPEEMVPVEIIGKMTLNKNPDNFFAETEQIAFHPGHIVPGIDFTNDPLLQGRLFSYTDTQLSRLGGPNFHEIPINRSIPDVTNNQRDGLHRMQIPKGKVSYHPNSMAQGCPFQAMMKEGGFTSFEERIDSRKIRNRSRSFFDHFSQPTLFYNSLTDHEKRHVQNAFSFELGKVKLVPIRQRMVNMLLEVDKELANKVGDHLGLVPERLPQPITDSIPADGKLEDYHSFKAELPISEAPSVSMATKLPQNIKARRIAILTADGVSDEAFTKVKKVLCEMDALVQIIAPRHGFVTTASGDQYPVDDSLLTTASVIFDAVYIPGGDSVKTLMEHAGAIHFVAEAYKHCKPFGADGNGVDLLQKAIPKLTLPADGIVTEGDLDLFTASIILHRFWDREMNPLPA\n\n']
7265,CatKat01,Bacteroidetes/Chlorobi,Croceibacter atlanticus,Catalase,complete,Christophe Dunand,['>7265|CatKat01| [Croceibacter_atlanticus]|Bacteroidetes/Chlorobi|Catalase|complete|\nMSDKENLQPDSNSKTDQLSSYTKDSEGKNLTTNQGLKVNDTNNSLKAGERGSTLLEDFLLREKITSFDHERIPERIVHARGSAAHGHFELYKSIEKYTKAGLFTDTSKKTPVFVRFSTVAGSKGSPDLARDVRGFAVKFYTEEGTWDLVGNNMPIFFIQDAMKFPDLIHSVKPEPNNEIPQAASAHDTFYDFVSHAPETLHNHIWAMSDRAIPRSYRMMEGFGIHTFRFINKEGKSHFVKFHWKPVLGVHSVTWEEAVKINGVDADFHRRDLWEAIEAGQYPEWEFGIQVVPEEDEHKYDFDLLDPTKLIPEDMVPVEIVGKMTLNRNPSNFFAETEQVAFLPGHIIPGLDFTNDPLLQGRLFSYRDTQLSRLGSPNFHQIPINRPVTPAHNNQRDGHMQTEIPKGQTAYFPNTLGGGCPHLAKMAEGGFTSYEERIDAKKVRTRSESFSDHFSQPALFYRSLEEWEKKHVANAYSFELGKCNQKHIKERMLWLINQIDEDLANTVSENLGLSIPDDIEQPINQSIGADADVEKFQPSAKKVYLEKDKSLSQAHTKFDSIATRQIAVLAANGFSMDDFKTFTDALEDEGAVCKIIAPHGGTIKCDQDMDHEVDAAISTTESVLFDAIFVPGGKDSVDKLLKTGKYSKFISEAFKHCKAIAVCNEGEELLKNSYIKSYDDDKAVFVNGKPKNFIDAIAQHRNWDRMEAASDIPV\n\n']
7267,CgleKat01,Bacteroidetes/Chlorobi,Chryseobacterium gleum,Catalase,complete,Christophe Dunand,['>7267|CgleKat01| [Chryseobacterium_gleum]|Bacteroidetes/Chlorobi|Catalase|complete|\nMNMKTNEHNKKAEQLDLHSTSNENEKLTTNQGLKINNNQDSLKAGERGPSLLEDFILREKITHFDHERIPERVVHARGSGAHGIFKLTKSLAEYTKAKFLTELGKETPVFVRFSTVAGSKGSTDLARDVRGFAVKFYTEEGNYDLVANNMPVFFIQDAIKFPDLVHAVKPEPDNEIPQAASAHDTFWDFISLMPESMHMIMWLMSDRAIPRSLRMMEGFGVHSFKFINEAGKVHFVKFHFKPRLGVHSVAWNEAQMISGVDPDFHKRDLWEAIENGDYPEWDFGVQLIPEEDEHKFDFDLLDPTKIVPEEEVPVEIVGTLTLNKNPDNFFAETEQVAFHPGHIIPGIDFTNDPLLQGRLFSYTDTQLSRLGSPNFHEIPINRSLNTVHNNQRDGHMRQQIVKGKSSYEPNSIGGGCPFQAMMSEGGFTSQQERVSGVKIRERSKSFVDHYSQAKLFYNSQSTPEKMHLQNALIFELSKVTRPEIRERLVGQLAYIDMSLAWSVAEKLGVEVKKLEWSNQSLPADSNIIELQSEEREPDTKVSGALSMAHTVKNTIKSRKIGFILANGADGGAVNDLKTKLEAEGARVELIAPSVAPVRLNDGSELIPKHSLTSIASVCFDALAICPGEEAVKELMTSENKHQVLHFINEAYKHCKAIYFGKDTEVLYQNSNVATKQHEDPGIITWEDGNPADKFIQAIAQHRVWDLETERNA\n\n']
7332,SpliCP01,Bacteroidetes/Chlorobi,Spirosoma linguale,Catalase peroxidase,complete,Marcel Zamocky,['>7332|SpliCP01| [Spirosoma_linguale]|Bacteroidetes/Chlorobi|Catalase_peroxidase|complete|\nMGDHIYPSESSDTKSYNVNGESKCPFTGATAKQSAGSGTRNRDWWPNQLKLNVLRQHSPLSNPMDKAFNYAEAFKSLDLNAVKNDIFDLMTTSQDWWPADYGHYGPFFIRMAWHSAGTYRIADGRGGAGSGTQRFAPLNSWPDNANLDKARLLLWPVKKKYGRKISWADLMILAGNCALESMGFKTFGFAGGREDVWEPEEDIYWGAETEWLGDKRYSGDRELENPLAAVQMGLIYVNPEGPNSRPDPLASARDIRETFGRMAMNDEETVALIAGGHTFGKTHGAADPGQYVGAEPAGAGIEEQSLGWKNTFGTGNAGDTITSGLEGAWTTTPTQWDNNYFDNLFGFDWELTKSPAGAHQWRPKDGAGAGTVPDAHDPAKRHAPMMFTTDLALRMDPIYEPISRRFHENPDQFADAFARAWFKLTHRDMGPIARYLGPEVPTEELIWQDPIPAVTHPLIDEQDTAALKKMILASGLSVSQLVSTAWASASTFRGSDKRGGANGGRLRLAPQKDWDVNHPGLLATVLEKLEGIQIDFNSMQQDGKQVSLADLIVLGGSVGIEQAAKKAGHEVTVPFTPGRADASQEQTDVESFAVLEPESDGFRNYSKTKYTVSAEEMLIDKAQLLTLNAPEMTVLVGGMRVLNTNYGFSKHGVFTKRPEALTNDFFVNLLDLGTTWKAASQHQDVFEGRDRTTGELKWTGTRVDLIFGSNSELRALAEVYACEDAQEQFVQDFVAAWTKVMNLDRFDLA\n\n']
8372,PsalCP01,Bacteroidetes/Chlorobi,Pedobacter saltans,Catalase peroxidase,complete,Marcel Zamocky,['>8372|PsalCP01| [Pedobacter_saltans]|Bacteroidetes/Chlorobi|Catalase_peroxidase|complete|\nMEKESNDISKCPFHNGTLRNSVAGGGTQNRDWWPNQLKVSILRQHDTKSNPMDKGFNYAEEFKSLDLQAVKRDLHALMTDSQEWWPADFGHYGPLFIRMAWHSAGTYRVQDGRGGAGEGQQRFAPLNSWPDNVSLDKARRLLWPIKQKYGRKISWADLLVLTGNVALESMGFKPLGFAGGREDVWEPNTDVYWGSEKTWLGGDVRYAHGSEGVVENHGVLVSDDDADGDVHSRDLENPLAAVQMGLIYVNPEGPDGNPDPILAAKDIRDTFGRMAMNDEETVALIAGGHTFGKTHGAAPADNVGKEPESADMEMQGLGWHNSYGTGKGADTITSGLEVTWTSKPTEWSNLFFEYLFDFEWELTKSPAGAHQWEAINAEEIIPHAHDPNKKIKPRMLTTDLSLRLDPEYGKISRRFRDNPEEFANTFAKAWFKLTHRDMGPRERYLGPEVPKEVFIWQDPVPPVDHELINEADIESLKQQILGLGLSVSELVSTAWASASTFRGSDKRGGANGARIRLQPMNNWEVNNPAQLNKVLRALEGLQNQFNATTGKKVSLADLIVLAGAAGVEKAARDAGHHITVPFTPGRTDASQEQTEVDSIAYLEPTADGFRNYRKYKNHAVSTEELLIDKAHLLTLTAPELTVLIGGMRALNTNYDGSKHGVFTDRPGQLTNDFFVNLLDMGTEWKAMDQSKELYLGTSRKTGQPRWTGTRNDLVFGSNAELRALAEVYASDDAKEKFVNDFVAAWNKVMNLDRFDLK\n\n']
8377,LbyCP01,Bacteroidetes/Chlorobi,Leadbetterella byssophila,Catalase peroxidase,complete,Christophe Dunand,['>8377|LbyCP01| [Leadbetterella_byssophila]|Bacteroidetes/Chlorobi|Catalase_peroxidase|complete|\nMENISGDISKCPFHNGTMDKEKISTEGTQNSHWWPNSLSLDILRQHSPLVDPNDEGFNYQEEFKTLDLEAVKKDIAALMTDSQDWWPADFGHYGPFFIRMAWHSAGTYRLQDGRGGAGRGQQRFAPLNSWPDNANLDKARRLLWPVKQKYGRKLSWADLMILTGNVALETMGFKTLGFGGGRADVWEADKDIYWGDEKEWVASHRNPEALANPLAATEMGLIYVNPEGPDRNPDPLLAAKAIRKTFGNMGMNDEETVALIAGGHTFGKTHGAGDAAHVGPEPEAADMELQGLGWISSFGSGKGADTITSGLEVTWTSTPTKWSNNFFWNLFGYDWELTKSPAGAHQWIPKHGAGANSVPKAHNKEEREAPAMLTTDLALRFDPIYEKISRRFYENPDEFADAFAKAWFKLTHRDMGPKSRYLGPEVPAEDFIWQDPLPKADYEAIDDVDVAQLKAKIAASGLTVSEMVSTAWASASTFRGSDKRGGANGARVRLAPQKFWAVNNPTQLSSVLDKLEAIQNEFNATSGSKKVSLADLIVLAGNVGVETAAKNAGVDITVPFAKGRVDATQEQTDIEQFSFMEPFADGFRNYLKVKTSTSTESLLVDKAQLLTLTIPEMTVLVGGMRVLGTNYDNSKHGVFTDKVGTLTNEFFTNLLDMSTVWKATDETKELFQGTDRKSGELKWTGTRYDLVFGSHSELRAIAEVYASADAKEKFVKDFVKAWTKVMNLDRFDLQ\n\n']
8405,MpaKat01,Bacteroidetes/Chlorobi,Mucilaginibacter paludis,Catalase,complete,Marcel Zamocky,['>8405|MpaKat01| [Mucilaginibacter_paludis]|Bacteroidetes/Chlorobi|Catalase|complete|\nMDDQKKKLTTAAGIPYAENENSMTIGPRGPILLQDFILHEKMAHFNRERIPERVVHAKGSGAYGTFTVTHDITKYTRAKIFNTIGKQTKVFLRFSTVGGEKGSADTERDPRGFAIKFYTEEGNWDLVGNNTPVFFVKDPKKFGDFIHTQKRDPYTNCKSATMMWDFWSLNPESLHQVTILMSDRGTPYGYRHMDGFGSHTFSFINADNERYWVKFHFKTQQGIKNFTDEEAGVMRGKAPDFAQHDLLTSIDNGDFPKWSLKIQIMTEEEARNYKFNPFDLTKVWPHADFPLIDVGVLELNENPDNYFAHVEQAAFAPAHVVDGISYSPDKMLQGRLLSYPDAHRYRLGGNYEQIPVNRCPFMVNNYQRDGQMRIDGNHGSSPNYFPNSFDDIVADPAYKEPAWDLRNQVADWYDRNAEGENDHYTQPGNLYRLMSETAKQDLIKNIVNSMSGIDGPKKEIIVNRQLCHWFRADMNLGMAIAQGLNLNLQETMKHMPVQV\n\n']
11344,NkoCP01,Bacteroidetes/Chlorobi,Niastella koreensis,Catalase peroxidase,complete,Marcel Zamocky,['>11344|NkoCP01| [Niastella_koreensis]|Bacteroidetes/Chlorobi|Catalase_peroxidase|complete|\nMEKDSKDIGKCPFHNGSLKQNVGGGGTRNRDWWPNQLKLNILRQHSERSNPMGDDFDYAEAFKSLDLEAVKKDLHALMTDSQSWWPADFGHYGPLFIRMAWHSAGTYRVFDGRGGGGSGQQRFAPLNSWPDNVSLDKARRLLWPIKQKYGNKISWADLMILTGNIALESMGFKTFGFAGGRPDVWEPDEDVYWGAENTWLGGDVRYAHGSPGVVEGHGVLSADEPADGDEHSRNLEKPLAAVQMGLIYVNPEGPDGNPDPIAAAKDIRDTFGRMAMNDEETVALIAGGHSFGKTHGAAPATHVGKEPEAVDLEMQGLGWSNSYKSGKGADTITSGLEVIWTKTPTKWSNNFFENLFGFEWELTKSPAGAHQWVAKNADSIIPDAYDGAKKHLPTMLTTDLSLRFDPIYEKISRRFLENPDAFADAFARAWFKLTHRDMGPRARYLGADVPKEELLWQDPIPAVNHPLIDDKDVAALKEKVLASGLSVSELVSTAWASASTFRGTDKRGGANGARIRLAPQKFWVVNNPPQLQKVLSKLEAVQKEFNEAQSGGKKVSLADLIVLAGCAGIKKAAKDAGFDVTVPFTPGRMDATQEQTDVESVGYLEPHADGFRNYRKTRSHVLTEALLIDKAHLLTLTAPELTVLVGGMRVLDTNFDGSKNGVFTLHPGKLTNDFFVNLLDMNTAWKAAGEDRELYEGTDRTTGKVKWMATRADLVFGSNSELRAIAEVYGAADAKEKFVKDFVAAWNKVMNLDRFDL\n\n']
11345,SphspCP01,Bacteroidetes/Chlorobi,Sphingobacterium sp.,Catalase peroxidase,complete,Marcel Zamocky,['>11345|SphspCP01| [Sphingobacterium_sp.]|Bacteroidetes/Chlorobi|Catalase_peroxidase|complete|\nMESKDISKCPFHGEKLLKQAVGGGGTRNQDWWPNQLKLNILRQHSSLSDPMDPDFNYAEAFKSLDLEAVKQDLHALMTDSQDWWPADFGHYGPLFIRMAWHSAGTYRVGDGRGGAGGGQQRFAPLNSWPDNVSLDKARRLLWPIKQKYGRNISWADLLILAGNIALESMGFKTFGFAGGREDMWEAEEDVYWGAETTWLGGDVRYTHGSEGVVEGHGVLVSDDDADGDIHSRDLEKPLAAVQMGLIYVNPEGPDGNPDPIAAAKDIRDTFSRMAMDDEETVALIAGGHSFGKTHGAAPATHVGKEPEAAGLESQGLGWHNSYGSGKGPDTITSGLEVIWTTTPTQWSNNFFENLFAFEWELTKSPAGAHQWVAKDAGDIIPDPFDPTKKRKPTMLTTDLALRLDPGFEKISRRFLENPDAFADAFARAWFKLTHRDMGPRSRYLGPDVPKEELIWQDPIPAVDHPLVDANDIVMLKAKILATGLSVSELVSTAWASAATFRNSDKRGGANGARIRLAPQKDWPVNNPPQLTKVLHALENIQREFNNVQPGGRRVSLADLIVLAGCAAIEKAAKDGGHAITVPFNPGRMDASQEQTDVESIAFLEPAADGFRNYRKNKSSIPTEALLIDKAQLLGLTAPELTVLVGGMRVLNTNFDGSAHGVFTRTPGVLTNDFFINLLDMRTAWKASSPDQELYEGYDRATRQPKWTATRADLVFGSNAELRAIAEVYGSSDGKDKFVKDFVAAWTKVMNADRFDLK\n\n']
11346,ChrspCP01,Bacteroidetes/Chlorobi,Chryseobacterium sp.,Catalase peroxidase,complete,Marcel Zamocky,['>11346|ChrspCP01| [Chryseobacterium_sp.]|Bacteroidetes/Chlorobi|Catalase_peroxidase|complete|\nMEKDSNDISKCPFHNGSMKQNVAGGGTQNQDWWPNHLRVDILRQHSSLSDPMDKDFDYAEAFKSLDLEAVKKDLHALMTDSQDWWPADFGHYGPFFIRMAWHSAGTYRVGDGRGGAGAGQQRFAPLNSWPDNVSLDKARRLVWPVKQKYGNKISWADLLILTGNVALESMGFKTFGFAGGREDVWEPDQDVYWGAEKTWLGGDLRYAHGSEGVDKRGVVLPSDDNADGELHSRNLEKPLAAVQMGLIYVNPEGPDGNPDPIAAAKDIRDTFGRMAMNDEETVALIAGGHTFGKTHGAGPADHVGKEPEGAGIESQGLGWNSSYKSGKGADAISSGLEVTWTETPTEWSNYFFKNLFENEWELTKSPAGAHQWIAKNGEEIIPDAFDSSKKHRPTMLTTDLSLRLDPVYEKISRRFYEDPDAFADAFARAWFKLTHRDMGPRVRYLGPDVPAEKLIWQDPIPEVDHVLIDNNDIDALKVKIISSGLSISELVSTAWASASTFRGSDKRGGANGARIRLEPQKFWAVNNPAQLQKVLNGLENIRKEFNDAQTGGKKVSLADLIVLAGTAAVEKAAKDAGHEITVSFAPGRMDASQEETYVESMGYLEPAADGFRNYLKRKYAVSTEALLIDRAQLLTLTAPELTVLIGGMRALDTNFDGSKHGVFTQRPGLLTNDFFVNLLDMSTQWKAMSDDQELYVGTSRSTGDVKWTATRADLVFGSNSELRAVAEVYGSSDGEAKFVKDFAAAWTKVMDLDRFDLH\n\n']
11347,FlaspCP01,Bacteroidetes/Chlorobi,Flavobacterium sp.,Catalase peroxidase,complete,Marcel Zamocky,['>11347|FlaspCP01| [Flavobacterium_sp.]|Bacteroidetes/Chlorobi|Catalase_peroxidase|complete|\nMDNQSNDISKCPFHNGSMDKQAASGTKNRDWWPKQLKVNILRQNSVLSNPLDKDFNYAEAFKTLDLDAVKKDLHALMTDSQDWWPADFGHYGGLFIRMAWHSAGTYRVHDGRGGAGAGQQRFAPLNSWPDNVSLDKARRLLWPIKQKYGQKISWADLLILTGNVALESMGFKTFGFAGGRADVWEADESVYWGSETTWLGGDERYKDGSEGVPKDHGVVSSDDNADGNIHSRNLEKPLAAVQMGLIYVNPEGPDGNPDPIAAAKDIRDTFGRMAMNDEETVALIAGGHTFGKTHGAASSDHVGKEPEAAGLELQGLGWQNSYGSGKGSDAITSGLEVTWTKTPTQWSNNFFENLFGFEWELSKSPAGAHQWVAKNAEAIIPDAFDPNKKHLPTMLTTDLSLRLDPAYEKISRRFLENPDEFADAFARAWFKLTHRDMGPRALYLGPEVPAEELLWQDPIPEVNHTLINDQDIAQLKERILNSGLTVSQLVSTAWASASTFRGSDKRGGANGGRIRLAPQKDWEVNNPTALKVVLDKLEAIQNEFNTAQNDGKKVSLADLIVLGGSAAVEKAAKDAGASVSVPFAPGRMDASAEQTDVESFGYLEPKVDGFRNYRKTKSSVLTEELLIDKANLLTLTAPELTVLLGGLRVLDINADGSKNGVFTTRPGRLTNDFFVNLLDMNTQWQAVSNDKELYTGNDRSTGQPKWIGTRADLVFGSNSELRAIAEVYAASDAHEKFVHDFIAVWTKVMNLDRFDLKK\n\n']
11348,NsoCP01,Bacteroidetes/Chlorobi,Niabella soli,Catalase peroxidase,complete,Marcel Zamocky,['>11348|NsoCP01| [Niabella_soli]|Bacteroidetes/Chlorobi|Catalase_peroxidase|complete|\nMENDSKDISKCPFHNGTIKENVGGGGTRNRDWWPNQLKVSILRQHAAKSNPMDKDFNYKAAFESLDLAAVKKDLEALMTDSQDWWPADFGHYGGLFIRMAWHSAGTYRVGDGRGGAGTGQQRFAPLNSWPDNVSLDKARRLLWPIKQKYGNKLSWADLLVLTGNVALESMGFKTLGFAGGREDVWEPDEDVYWGSETTWLGGDIRYAHGGDPGVEKNGGVVIADDKDTNGTHSRHLEKPLAAVQMGLIYVNPEGPDGNPDPIAAAKDIRDTFGRMAMNDEETVALIAGGHTFGKTHGAAPATHVGKVPEEAGIEEQGLGWSSSFGSGKGADAIGSGLEVTWTQTPTQWDNNFFETLFGFEWELTKSPAGAHQWVAKDADAITPDAFDSAKKHKPTMLTTDLSLRFDPEYGKISKHFLENPDAFADAFAKAWFKLTHRDMGPRARYLGAEVPAEEFIWEDPIPAVDHVLIDSNDIAELKAKVLASGLSIAELVTTAWASASSFRGGDKRGGANGARIRLAPQKDWEVNNPAQLQKVLAVLEGIQKDFNGEQVGAKKVSLADLIVLAGAAAVEKAAKDAGHAVSVSFTPGRMDATQEQTDVDSVAYLETPADGFRNYRKGASVVPTEALLIDKAQLLTLTVPELTVLVGGMRALGATWDGSKHGVFTQRPGQLTNDFFVNLLDMRTAWKASNGSRELFEGSDRTTGATKWTATRADLVFGSNAELRAVAEVYGSADSADKFVNDFVAAWAKVMNLDRFDLA\n\n']