Id,Unnamed: 1,Name,Taxo,Orga,Class,Status,Author,Fasta
2369,,CphCP01_DSM266,Bacteroidetes/Chlorobi,Chlorobium phaeobacteroides,Catalase peroxidase,complete,Nenad Bakalovic,">2369|CphCP01_DSM266| [Chlorobium_phaeobacteroides]|Bacteroidetes/Chlorobi|Catalase_peroxidase|complete|
MSEQSKCPVTGRTAGNPVAGGSMLNRDWWPNQLHLDMLHQHSSLVNPMGDEFRYKEEFRKLDLGAVKKDLYALMTDSQEWWPADYGHYGGLFIRMAWHSAGTYRTSDGRGGGGRGNQRFAPLNSWPDNANLDKARRLLWPIKQKYGKMLSWADLMILAGNCALESMGFKTFGFGGGRVDIWEPEEDIYWGKEVEWLGNNRYSGERDLENPLAAVQMGLIYVNPEGPDGNPDPVAAGRDIRETFARMAMNDEETVALVAGGHTFGKCHGVGDPNLIGPEPEAAGIEEQGLGWKSGYGSGKGDETMTSGLEGAWTPDPIHWDMGYLGMLFKYEWELTKSPAGAWQWKPKDVAEEDLAPAAHDPSKRVPTMMTTADLAMRMDPVYGPISRRYYEHPDQFADAFARAWFKLTHRDMGPKSRYLGAEVPAEDLIWQDPVPAVDHELIGEGEIAELKKRLLASGLPIPELVSTTWASASTFRGSDKRGGANGSRIRLAPQKDWEVNQPEQLQRVLEKLEEIRHAFNGEQSGGKRVSLADLIVLGGCAAVEEAARRAGNDVTIPFAPGRTDASQAETDVESFAVLEPLADGFRNYARQKYSVTPEEMLVDRSQLLTLTATEMTVLLGGLRVLGANFRQSPHGVFTKRHETLTNDFFVNLLDMGTEWKPVSKEHDTFEGRDRKTGEPRWSATRVDLIFGSNARLRAIAEVYGSDDAQEKFVQDFVAAWNKVMNLDRFEIS

"
2534,,PaeCP01,Bacteroidetes/Chlorobi,Prosthecochloris aestuarii,Catalase peroxidase,complete,Filippo Passardi,">2534|PaeCP01| [Prosthecochloris_aestuarii]|Bacteroidetes/Chlorobi|Catalase_peroxidase|complete|
MSEQSRCPVTGRTADSPATGSGLSNRDWWPNQLHLDMLHQHSSLVNPMGEGFRYKEEFGKLDLKEVKKDLYALMTDSQEWWPADYGHYGGLFIRMAWHSAGTYRTSDGRGGGGTGNQRFAPLNSWPDNANLDKARRLLWPIKQKYGKKISWADLMILAGNCALESMGFKTFGFGGGRVDIWEPEEDIYWGKEVEWLGNKRYSGERDLENPLAAVQMGLIYVNPEGPDGKPDPVAAGRDIRETFARMAMNDEETVALVAGGHTFGKCHGVGDPKLVGPEPEAADIEEQGLGWKSGYGIGKGDETMTSGLEGAWTPDPIHWDMGYLGMLFRYEWELTKSPAGAWQWKPKDVAEEDLAPAAHDPSKRVPTMMTTADLAMRMDPIYGPISQRYYEHPDQFADAFARAWFKLTHRDMGPHSRYLGAEVPAEELIWQDPVPALDHDLIDAEEIAELKKRLLASGLSIPELVSTAWASASTFRGSDKRGGANGARIRLAPQKDWEVNQPEQLQRVLHKLEEIRNTFNGEQSGNKQVSLADMIVLGGCAAVEEAAGKAGTGVTVPFTPGRTDALQEQTDTESFSVLEPLADGFRNYMKKKYSVSAEEMLVDRSQLLTLTAPEMTVLLGGLRVLGANFQQSPHGVFTTQPETLTNDYFVNLLDMGTEWKPLSKEQDTFEGRDRKTGEPRWTATRVDLIFGSNSRLRAIAEVYGSDDAQEKFVHDFVAAWDKVMNLDRFDLG

"
2535,,PphCP01,Bacteroidetes/Chlorobi,Pelodictyon phaeoclathratiforme,Catalase peroxidase,complete,Filippo Passardi,">2535|PphCP01| [Pelodictyon_phaeoclathratiforme]|Bacteroidetes/Chlorobi|Catalase_peroxidase|complete|
MSEQGKCPVTGRTAVNPVTTGGMSNRDWWPNQLHLDMLHQHSSLTNPMGEEFRYKEEFKKLDLKSVKKDLYALMTDSQEWWPADYGHYGGLFIRMAWHSAGTYRTSDGRGGGGTGNQRFAPLNSWPDNANLDKARRLLWPIKQKYGRKLSWADLMILAGNCALESMGFKTFGFGGGRVDIWEPEEDIYWGKEVEWLGSNRYSGERDLENPLAAVQMGLIYVNPEGPDGNPDPVAAGRDIRETFARMAMNDEETVALVAGGHTFGKCHGVGDPKLIGPEPEAAEIEEQGLGWKSGYGSGKGDETMTSGLEGAWTPDPIHWDMGYLGMLFKYEWELTKSPAGAWQWKPKDVAEEDLAPAAHDPSKRVPTMMTTADLAMRMDPLYGPIARRYYEHPEQFADAFARAWFKLTHRDMGPRSRYLGAEVPAEELIWQDPVPAVDHELIGEGKIKELKKRILASGLSIPELLSTAWASASTFRSSDKRGGANGSRIRLSPQKEWEVNQPEQLQRVLGKLEEIRNAFNGEQSGGKQVSLADLIVLGGCAAVEEAARRAGNDVTVPFIPGRTDASQEQTDVESFAVLEPLADGFRNYTKRKYSVTPEEMLIDRSQLLTLTATEMTVLLGGLRVLGVNFRQSPHGLFTNRPETLTNDFFVNLLDMGTEWKPLSKEHETFEGRDRKTGEVRWSATRVDLIFGSNARLRAIAEVYGSDDAQGKFVQDFVAAWNKVMNLDRFDLS

"
2628,,CEsCP01,Bacteroidetes/Chlorobi,Cellulophaga sp.,Catalase peroxidase,complete,Christophe Dunand,">2628|CEsCP01| [Cellulophaga_sp.]|Bacteroidetes/Chlorobi|Catalase_peroxidase|complete|
MKNTETFDLNDPSAIAKCPFLGGAHKQFAGGGTTNRDWWPNELRLNVLRQNATKSDPMGEDFDYAAAFKSLDFTALKKDVIDLMTDSQDWWPADYGHYGGFMIRMAWHSAGTYRIGDGRGGSGSGSQRFAPLNSWPDNGNLDKARLLLWPIKKKYGNKISWADLMILAGNCALESMGFPTFGFSGGREDVWEPEQDIYWGSEVEWGANEARYKDGDLEAPLAAVMMGWIYVNPEGPNGNPDPMGSAANVRETFGRMAMNDEETVALVAGGHTFGKAHGAADPEKYVGTEPHGASIEEMSTGWKNSYKSGVLDDTITSGIEGAWTPNPTQWDADYFDVLLNYDWELTKSPAGAHQWTPTEESNARMAPTAGDASKKQRLMMTTADIALKVDPEYLKISKKFHEDHKAFEDAFARAWYKLTHRDMGPLSRYLGPEMPGEKLLWQDPLPEANGYTLSDAQVEILKSAIADSDLTIAEMVTTAWASASTYRDSDKRGGANGARIALAPQSHWEVNNPEQLNKVLIFLKDIQNTFDGEVSLADLIVLAGSVGIELAAMKAGREITVPFTPGRVDATQEDTDIDSFGYLEPKADGFRNYVQSSQKAQAAETMLVDRAQLLGLSIPEMTVLVGGLRVLGANYDGSKVGVFTDRPGELTNDFFVNLLDFTYTWKALSSDDTLFSGTDRRTGEMKFTGSRADLIFGSNTELRAVAEVYGASDGEDRFVNDFVKAFVKVMDADRFDVK

"
2629,,TspCP01,Bacteroidetes/Chlorobi,Tenacibaculum sp.,Catalase peroxidase,complete,Christophe Dunand,">2629|TspCP01| [Tenacibaculum_sp.]|Bacteroidetes/Chlorobi|Catalase_peroxidase|complete|
MSNTDNFDINKDTGKCPFLHGTPTKTAGGGTTNRDWWPNELKLNVLRQHASKSNPLGEDFDYAAAFNSLDFNELKQDVLNLMTDSQDWWPADYGHYGGFMIRMAWHSAGTYRVIDGRGGAGSGTQRFAPLNSWPDNGNLDKARLLLWPIKQKYGNKISWADLMILAGNCALESMGFPTKGFAGGREDVWEPEQDIYWGSETEWGANEKRYEDGELESPLGAVMMGWIYVNPEGPNGNPDPLGSAKNVRETFERMAMNDEETVALVAGGHTFGKAHGAADPDKYVGNEPHRGKIEEMSTGWKNSFKSGVLDDTITSGIEGAWTPNPTQWDADYFDVLLNYEWELTKSPAGAYQWTPTAESKAKMAPTAGDPNKKQALMMTTADIALRMDPKYLEISQRFHKDHKAFEEAFANAWYKLTHRDMGPTDRYLGPEVPSEELLWQDPIPKVNYTLSDDDINTLKALISESGLTVSELVKTAWASASTFRGSDKRGGANGGRIRLEPQRNWEVNNPEELEKVLTTYKAIQKKFEGEISIADLIVLGGSVGVEKAVKNAGYNFNVAFTEGRGDATQEQTDLKSFSYLEPIADGFRNYINSDLKMAAEDLLIDKANLLTLSIPEMTVLVGGLRMLSANYDGSNHGVFTDKKETLSNDFFKNILDFSYTWKATNSDEKEFIGRDRKTNALKFTGTRADLIFGSNTELRAVCEVYGAADAEEKFVKDFIAAWTKVMNLDRFDLK

"
2630,,LbCP01_MED217,Bacteroidetes/Chlorobi,Leeuwenhoekiella blandensis,Catalase peroxidase,complete,Christophe Dunand,">2630|LbCP01_MED217| [Leeuwenhoekiella_blandensis]|Bacteroidetes/Chlorobi|Catalase_peroxidase|complete|
MENKNGNDHGTDGKVWDVNESAKCPFLSGEMNHVTGQGTTNRDWWPNQLNLSILKQNSSLVDPMDEDFDYAEAFKSLDLAAVKQDLYDLMTNSQDWWPADYGHYGPFFIRMAWHAAGTYRIHDGRGGAGSGQQRFAPLNSWPDNANLDKARLLLWPIKKKYGNKLSWADLLILAGNCAHESMGLNMFGFAGGREDVWEPEEVYWGAETEWLGNKERYEGGELEKALGAAHMGLIYVNPEGHNANPDPVESAHFIRETFGRMAMNDYETVALIAGGHTFGKTHGAADPDEYVEAEPAAAGMEAMGTGWKNNFGSGKGADTITSGLEGAWTDTPTQWSNKYFENLFGYEWELTKSPAGAHQWKPKNDAGAGTVPDAHRADVKHAPFMLTTDLSLRFDPEYEKISRHFMENPEEFADAYSRAWFKLTHRDMGPKERYLGAEVPQEELIWQDPIPAVDHELVSDADVAHLKKNILESGHSISELVSVAWASASTFRGSDKRGGANGARIRFAPQRTWDVNNPEQLDAVLKTLEGIQKSFNDSQSGNKKVSIADLIVLAGSAAVEKAAKNAGHDISVPFTPGRADALEEQTDASAFDALEPVADGFRNYMKDRFEIKAEEFLVDRAQLLTLTPPEMTVLVGGLRVLNTNFDGSDYGVFTDKPETLTNDFFVNLLDMNTTWKAVSEEDELFEGSDRNTGEKKWTGTRVDLIFGSNSELRALAEAYALEDSGERFVKHFVKTWVKVMNLDRYDVK

"
2669,,CchCP01,Bacteroidetes/Chlorobi,Chlorobium chlorochromatii,Catalase peroxidase,complete,Filippo Passardi,">2669|CchCP01| [Chlorobium_chlorochromatii]|Bacteroidetes/Chlorobi|Catalase_peroxidase|complete|
MNEERKCPITGATHKPSAEKGRSNHDWWPNQLNLKILHQHSALSNPMDKDFNYAEEFKKLDLAAIKQDLYALMTDSQEWWPADYGHYGPLFIRMAWHSAGTYRTSDGRGGAGTGSQRFAPLNSWPDNANLDKARRLLWPIKQKYGRQISWADLMILTGNCALESMGLKTFGFAGGREDIWEPEEDIYWGTEGEWLADKRYSGERELEKPLAAVQMGLIYVNPEGPNGKPDPLAAAKDIRETFARMAMNDEETVALIAGGHTFGKTHGAGDASQVGPEPEAAGIEEQGLGWKNQYGTGKGKDTITSGLEVIWTTTPTKWSNNFFWNLFGYEWELTKSPAGAYQWTPKYGVGANTVPDAHDPSKRHAPAMMTTDLALRFDPDYEKIARRYYENPDQFADAFARAWFKLTHRDMGPRSRYRGAEVPVEELIWQDTIPALDHELIGADEIAALKATILASELSIAQLISTAWASAATFRNSDKRGGANGARLRLAPQKDWEVNQPDELQKVLQVLETIQTEFNASRNDGKKVSLADLIVLGGCAAIEAAAEKAGYKVTVPFTPGRMDATQEETDAHSFAVLEPVADGFRNYLKAKYSFSVEEMLIDKAQLLTLTAPEMTVLIGGMRVLNTNAGHTTHGVFTKRPETLSNDFFVNLLDMGTVWKATSEASDIFEGRNRSTGELQWTATRVDLVFGSNSQLRALVEVYGCKDSQEKFLNDFIAAWNKVMNLDRFDLSGL

"
3063,,SruCP01,Bacteroidetes/Chlorobi,Salinibacter ruber,Catalase peroxidase,complete,Christophe Dunand,">3063|SruCP01| [Salinibacter_ruber]|Bacteroidetes/Chlorobi|Catalase_peroxidase|complete|
MHNGSNGSVEQRDSMPETSREWWPGSLDVEILDQNAQDVGPWNGDFDYAEAFQELDYEALKEDIEEVMTTSKDWWPADYGHYGPLFIRMSWHAAGTYRTTDGRGGSSGGRQRLAPLNSWPDNANLDKARRLLWPVKQKYGRKISWADLLVLAGNVAMESMGFETFGFAGGREDDFKPDESIDWGPEDEMETWGRFNEEDELDNPLGATVMGLIYVNPEGPESTPDPEWSAQRIRKSFGRMAMNDRETAALIAGGHTFGKVHGADTDEHLQAEPEAAPIEQQGLGWHNEHGSGKGGDTITSGIEGPWTDAPTEWDMGYLDFLLDYEWEVHKGPGGAWQWRPKSDELKGVVPDAHDASETVDPMMLTTDVALKRDPDYREIIEDFRENPDAFEDAFARAWFKLLHRDMGPKERYLGPEVPEEDLIWQDPVPDADHDLIGDEEIAELKEAILETDLSVSRLVKTAWASASTYRDSDKRGGANGARIRLEPHRNWEANEPPQLAHALEVLTGIQKNFNDARTDDVRVSLADLIVLGGSAAIEKAAADAGHDVEVPFTPGRTDATQEQTDVEAFEYLEPKADGFRNYIADDPWQDWTPEEFLVDKADLLNLTPAETTVLVGGMRALDATHEQADGYGVFTDRPETLNNDYFVNLLDMGHEWDPVSEDKQHFKIRDRDTGEVKWKATRVDLIFGSNSRFRALSQVYGSGDAEEKFVDDFVDAWTKVMNLDRFDLE

"
3560,,PtorCP01,Bacteroidetes/Chlorobi,Psychroflexus torquis,Catalase peroxidase,partial,Filippo Passardi,">3560|PtorCP01| [Psychroflexus_torquis]|Bacteroidetes/Chlorobi|Catalase_peroxidase|partial|
MAMNDYETVALIAGGHTFGKCHGAGDDGLVGVGPEDAPMEQQQFGWKSGHGKGKGRDTITSGLEGPWTSNPAQWDNGYFENLFKYEYELVKSPAGAFQWHPKDLEDENYAPDVEDANQKVTTIMLTSDLALREDPEYRKISLNFKNNPEEFADAFARAWFKLLHRDMGPKNRYLGPEVPDEDLIWQDPIPAGNSDYDIEKAKELIRASGLSIQEMVESAWSSASTFRNSDLRGGANGARIRFEPMRSWKSNNKEQLDKVINSLSGIATEVGASVADMIVLAGNVAIEEASGLEVPFRAGRGDALEEKTDSESFKVLEPLADGFRNYQKTEYSVSPEEMLVDKAQLLGLTAPEMTVLVGGMRSLGISKDNMGVFSSNINKLDNDFFKTLLDMNVSWRQSGNNAYEGVDKQTGDVVRTASRVDLVFGSNSQLRSIAEVYAANDAENKFKTDFINAWNKVMNADRFDLDV

"
3590,,BBFL7CP01,Bacteroidetes/Chlorobi,Flavobacteria bacterium BBFL7,Catalase peroxidase,complete,Filippo Passardi,">3590|BBFL7CP01| [Flavobacteria_bacterium_BBFL7]|Bacteroidetes/Chlorobi|Catalase_peroxidase|complete|
MLSKYYQMKNLLLYSSITIIALAGLFGGYYYTFHMNKPTDVATASKAECPLGFGSTKSAGSMTKGEGKTNQQWYPNSLDLSVLRQNSDMSNPLGEEFDYKKEFESLDYDALKKDIELALTDSKDWWPADFGNYGGLFIRMAWHSAGTYRTGDGRGGTREGKQRFAPQNSWADNANLDKARRLLWPVKQKYGQKISWADLMILAGNVSFENMGFETLGYAGGREDTWEPQNNVYWGSESEMLGDERFNEDRELETPLAASQMGLIYVNPEGPNGNPDPVLAAHDIRQTFGRMGMNDEETVALIAGGHTLGKTHGASSGENLGAAPEGAAIEDQGMGWKSAHKSGKGADAVTSGLEVTWTNTPTQWGIGYFKSLFEHEWKLTKSPGGAHQFEAVNPKKMYPHAFDKDKQVAPTMLVTDLSLIKDPAYLKISKRFYENPEEFDAAFAKAWFKLTHRDMGPSSTYLGPEVPQEQFIWQDPIPARDYKLVSTSDINTLKGKIKASGLTTNELVTTAWNAASTYRHGDRRGGANGGRIQLEPQVNWDSNNPTQLKKVLNVYRDIKNDFDTSSRKISMADLIVLGGNVAIENAAKKAGYSIDVPFTPGRTDATQDQTDIDGTNLLKPMADGFTNFQQKEYTLTAEQLLVDKAQQLTLSAPEMTVLVGGMRALGANYDGSKTGIMTEQTGTLSNDFFKNLLSMDYSWKPVENNKNLFEIVERNTNNKKWDATRVDLIFGSNSELRALSEVYASEDAKERFVNDFVAAWTKVMNLDRFDLK

"
3610,,BBFL7CP02,Bacteroidetes/Chlorobi,Flavobacteria bacterium BBFL7,Catalase peroxidase,complete,Filippo Passardi,">3610|BBFL7CP02| [Flavobacteria_bacterium_BBFL7]|Bacteroidetes/Chlorobi|Catalase_peroxidase|complete|
MDSSNNTKVWDINQSEAASKCPFMGGASPNTAGRGTRNKDWWPNQLRLNVLRQNAPKSDPMDPDFNYEEAFKSLDMNALRKDLTALMTDSQDWWPADYGHYGGFFVRMAWHSAGTYRVGDGRGGSCSGSQRFAPLNSWPDNGNLDKARLLLWPIKQKYGKSISWADLMILTGNIAMESMGLKKLGFAGGREDIWEPEQDIYWGSETEWLGNDARYENGELEGMLGAAHMGLIYVNPEGPNGKPDPVGSAHDIRETFGRMAMNDYETVALIAGGHTFGKAHGASDPEKYMGPEPAGARIEEMSTGWNSSYGTGHGDDTTTSGLEGAWTPNPDQWDYDYFRVLLDYEWELTKSPAGAHQWRPTDASNADRAPMAVDASKRQDLMMSTADIALKTDPEYLKISQHFRENPDEFEDAFAKAWFKLTHRDMGPTTRYLGNDIPEKEELWQDPIPSVTHELINDEDVASLKSQILDSGLTIQELVSVAWASASTYRDSDKRGGANGSRIRLAPQNQWEANNPKQLHKVLDVLDKIQGDFNNSQSGDKQVSMADLIVLGGNAAIEKAAKDAGHNVTVPFNAGRADATQEQTDIESFTYLEPRADGFRNFLGSEQKAAGEDLLVDRANLLSLSVPEMTVLVGGLRAMNANYDQSDYGIFTDRPGLLTNDYFVNVLDLSTKWQSKSSADLLFEGRNRKTGDLKWIGTRVDLIFGSNTELRAIAEVYASHDSKNKFIADFIAAWHKVMNLDRFDLK

"
3611,,PtorCP02,Bacteroidetes/Chlorobi,Psychroflexus torquis,Catalase peroxidase,complete,Filippo Passardi,">3611|PtorCP02| [Psychroflexus_torquis]|Bacteroidetes/Chlorobi|Catalase_peroxidase|complete|
MEDTKSLKDGSKAKVGNVNSSPASCPFLNGEMKGAAGSGSDNRDWWPNSLNINILRQNSSMASPMDEDFDYAEEFKTLDLKTVKEDLKELMTTSQEWWPADYGNYGPFFIRMAWHAAGTYRIQDGRGGAGTGSQRFAPLNSWPDNANLDKARLLLWPIKEKYGRKLSWADLIVLTGNVAHESMGLEMQGFGGGREDIWQPEEDVYWGSEKEWLDNDERYSEGELENPLGASHMGLIYVNPEGPNGKPDPIGAAHDIRVTFGRMAMNDYETVALIAGGHTFGKTHGAANDLEYVDSEPAGAPIEMQSMGWKNNYKSGKGEDTITSGLEGAWTDTPTKWSHKYFENLFKYDWELTKSPAGAHQWKPKDNEGAGTIPDAHNPTKKHAPFMLTTDIALKEDPAYEKVSKHFYENPDEFAEAYSKAWFKLMHRDMGPINRYLGPDVPKKQEKWQDPIPAVDHELINDKDGAELKSKILNTELSISELVSTAWASASTFRHSDKRGGANGAHIRLEPQRNWAVNSPKQLSKVLEVLTKIQSEFNTLQKGNKKVSMADLIVLGGNAAIEEAAEAGGNYIQIPFYPGRTDALKEQTEIDSFGALEPMADGFRNYSKGYPKVTDEELLIDKANLLTLTAPEMTVLIGGMRALNTNYNHSKHGVFTTRQGVLTNDFFTNLLDLGTTWKSSNDEQTLFEGSDRKTGEIKWTGTRADLIFGSNSELRALAEVYGSSDSQKKFVKDFAFAWNKVMNLDRYDLHQI

"
3613,,PtorCP03,Bacteroidetes/Chlorobi,Psychroflexus torquis,Catalase peroxidase,complete,Filippo Passardi,">3613|PtorCP03| [Psychroflexus_torquis]|Bacteroidetes/Chlorobi|Catalase_peroxidase|complete|
MKKLLIAAFSLFVVVAFAQQSTEPEYKTCPVTGIRIKVKDGENPHAKMQDKSSVTEEMTPKRMGNKDWWPNSLDLSVLRQHSQKSNPMGEDFDYRAAFKALDYGALKTDLVALMKDSKEWWPADYGHYGPFFIRMSWHSAGTYRTADGRGGSRDGQQRFAPINSWPDNANLDKARRLLWPIKQKYGKSISWADLMILAGTLAYEDMGLEIAGFSGGREDTWEPSSNVYWGAENEMLANDKRYDDNGDIEQPLAAVQMGLIYVNPEGPDGNPDPALAADGIRQTFGRMGMNDKETVALIAGGHTIGKTHGAGDASLGPAPEAASIQEQGLGWMSSYKSGKAEDAITSGLEVIWTNTPAEWSQGYFKSLFENEWELTKSPGGAYQWVAKDSKEIYPDAHIEGKKHRPTMLTTDLTMIKDPDYLKISKFFYENPEEFNKTFAQAWFKLTHRDMGPKSTYIGPDAPKEDFIWQDPIPKAKYEMVNAADIKALKAEILKSGLNTSELVETAWTSASTYRDSDRRGGANGGHILLEPQRSWEANNPKQLDKVASKLTMIQKDFNKKYNNKEVSMADLIVLGGNVAIEQAAKKAGHTIEVPFMPGRTDALQEQTDVESMQLLKPMADGFTNYQGKQYTLTTEELLVDKAQLLTLTAPEMTVLIGGMRALGANHGNAQHGVFTDRPGELTTDFFVNLLDMSHKWEPKDDKEQVFISKNRQTGDTKWTATRADLIFGSNSELRALAEVYATEDADEKFVTDFVSAWSKVMQLDRFDVKM

"
3617,,FjCP01_UW101,Bacteroidetes/Chlorobi,Flavobacterium johnsoniae,Catalase peroxidase,complete,Filippo Passardi,">3617|FjCP01_UW101| [Flavobacterium_johnsoniae]|Bacteroidetes/Chlorobi|Catalase_peroxidase|complete|
MENQSNDISKCPFHNGSMDNQAASGTKNNDWWPKQLKVNILRQNSSLSNPLSKDFDYAEAFKTLDLEAVKKDLHVLMTDSQDWWPADFGHYGGLFIRMAWHSAGTYRVHDGRGGAGAGQQRFAPLNSWPDNVSLDKARRLLWPIKQKYGQKISWADLMILTGNVALESMGFKTFGFAGGRADVWEPDESVYWGSETTWLGGDERYNNGSDGVPKDHGVVSADDDADGKVHSRNLEKPLAAVQMGLIYVNPEGPDGNPDPILAAKDIRDTFGRMAMNDEETVALIAGGHTFGKTHGAASSDHVDKEPEAAGLELQGFGWKNSFGSGKGADAITSGLEVTWTKTPTQWSNNFFENLFAFEWELSKSPAGAHQWVAKNAEAIIPDAFDSTKKHLPTMLTTDLSLRLDPEYEKISRRFLENPDQFADAFSRAWFKLTHRDMGPRARYLGPDVPQEVLLWQDPIPEVNHKLIDENDIKQLKEKILNSGLSISQLVAAAWASASTFRGSDKRGGANGARVRLAPQKDWEVNNPAKLAQVLSKLETIQTEFNASQNDGKKVSLADLIVLAGSAGVEKAAKDAGSSVTVSFNPGRMDASAEETDVESFGYLEPKADGFRNYRKTKSAVSTEELLIDKANLLTLTAPELTVLLGGLRVLDINADGSKNGVFTHRPGQLTNDFFVNLLDMNTQWQAVSNDKELYAGNDRSTGQPKWIATRADLVFGSNSELRAVAEVYASTDANEKFVNDFIKAWTKVMNLDRFDLA

"
3650,,CphCP01_BS1,Bacteroidetes/Chlorobi,Chlorobium phaeobacteroides,Catalase peroxidase,complete,Filippo Passardi,">3650|CphCP01_BS1| [Chlorobium_phaeobacteroides]|Bacteroidetes/Chlorobi|Catalase_peroxidase|complete|
MSEHSRCPVTGRTAGNPVAGGGIANRDWWPNQLHLDMLHQHSSLSNPMEEAFKYKEEFGKLDLKAVKKDLYTLMTDSQEWWPADYGHYGGLFIRMTWHSAGTYRTGDGRGGGGTGNQRFAPLNSWPDNANLDKARRLLWPIKQKYGKKLSWADLMILAGNYALESMGFKTFGFGGGRVDIWEPEEDIYWGKEVEWLDNKRYSGERDLENPLAAVQMGLIYVNPEGPDGKPDPVAAGKDIRETFGRMAMNDEETVALVAGGHTFGKCHGVGDPKLVGPEPEAADIEEQGLGWKSGYGSGKGDETMTSGLEGAWTPDPIHWDMGYLGMLFKYEWELTKSPAGAWQWKPTDVAEEDLAPAAHDPSKRVPTMMTTADLAMRMDPIYGPISRRYYEHPDQFADAFARAWFKLTHRDMGPKSRYLGTEVPEEDLIWQDPVPAVDHELIGDREIAELKKRLLASGLSIPELVSTAWASASTFRGSDKRGGANGARIRLAPQKDWEVNQPEQLKIVLQKLEEIRQEFNDAQSGGKRVSLADLIVLGGCAGVEEAARKAGTDVTIPFTPGRTDASQEQTDTESFAVLEPLADGFRNYMKKKYSVSAEEMLVDRSQLLTLTAPEMTVLVGGLRVLNVNFGQSPHGVFTTLPETLTNDFFVNLLDMGTEWKPLSKEHDTFEGRDRKTGEPRWTATRVDLIFGSNSRLRAIAEVYGSDNAQEKFVHDFVAAWNKVMNLDRFELG

"
4012,,CphCMD_BS1,Bacteroidetes/Chlorobi,Chlorobium phaeobacteroides,Carboxymuconolactone decarboxylase (peroxidase activity),complete,Christophe Dunand,">4012|CphCMD_BS1| [Chlorobium_phaeobacteroides]|Bacteroidetes/Chlorobi|Carboxymuconolactone_decarboxylase_(peroxidase_activity)|complete|
MTIRYFKAAGGGQKNDLAERTLMHINSEFGARVEPFTLHLPQPELLAGVWMICRESLLVGSVRRDLKEAVATTVSVINRCPYCVDAHGIMILGASGKSYAEAITAGTYDAIDDKDVRKAVEWAAATLLPGSSILADPPFSPDEAPEYIGTAVCFHYINRMVTILLGPTPLPFGKGALKRVSMRLASWFFGRSIRVYKEPCASLELLPRATLPGDLGWASASACIAHAYAAFSGTVERAGEKVLTEQVRESISKVVKAWNGKDPGMGRAWIEESLGACTGGQRAAGELALLAALAPYLVTPAEVSSFSAYYPGDRELLAVLAWGSFTAARRAGGWMS

"
4050,,CphCMD_DSM266,Bacteroidetes/Chlorobi,Chlorobium phaeobacteroides,Carboxymuconolactone decarboxylase (peroxidase activity),complete,Christophe Dunand,">4050|CphCMD_DSM266| [Chlorobium_phaeobacteroides]|Bacteroidetes/Chlorobi|Carboxymuconolactone_decarboxylase_(peroxidase_activity)|complete|
MTINYFTETHPAYRDKLTILVMAQVRKEFGAEVEPFLLHKPIPELLAGSWMACRETLISGIANREAKEVVAAVTSMMNRCPYCVDAHTVMALGASGRDYTGTIASGRYETIRDPFMRSMAEWGSATRSPDSPVLRYPPFNPDEAPEYIGTVLFFNYINRMATILLGASPLPFTDGIMKNISMRLAAFFFSSAIHRTKQPGTSLDLLPNEPLPDDLAWAKPSPFVSGALARFSAAIEKAAETVLTEKTAGMVIDQLDRWDGSDPGISSSWCEHLLFRLNDSEKTVARLALLTAIAPWQISNEMVRAFSAYHSGDKALLSILSWSSLSAARRISRWLA

"
4319,,FjBCP01,Bacteroidetes/Chlorobi,Flavobacterium johnsoniae,Atypical 2-Cysteine peroxiredoxin (type BCP),complete,Filippo Passardi,">4319|FjBCP01| [Flavobacterium_johnsoniae]|Bacteroidetes/Chlorobi|Atypical_2-Cysteine_peroxiredoxin_(type_BCP)|complete|
MSLKIGDIVPNFTAKDSHGEVFESKNVLGRKPLVIYFYPKDNTPGCTTEACSFRDQYEDFKDLGAEVIGISADSVKSHHKFANKHQLPFILLSDEDKRLRHLFGVKNNLFGLIPGRVTFIIDRNGVVIYIFDSMNAAKHIPKALEIIKELVL

"
4326,,GfoBCP01,Bacteroidetes/Chlorobi,Gramella forsetii,Atypical 2-Cysteine peroxiredoxin (type BCP),complete,Filippo Passardi,">4326|GfoBCP01| [Gramella_forsetii]|Bacteroidetes/Chlorobi|Atypical_2-Cysteine_peroxiredoxin_(type_BCP)|complete|
MKIGDEVPDLELKNQNGEKFRFSELKGKKAFVVYFYPKDFTPGCTKEACSFRDSYEDFKELGAEVIGISGDSSKSHSKFIDRYKLPYIFLSDKDKKARNVFGVKPSLLGLLPGRETFVFDKNGKLLHRFNSMSAGRHMPEALAVLKKNQN

"
4327,,PtorBCP01,Bacteroidetes/Chlorobi,Psychroflexus torquis,Atypical 2-Cysteine peroxiredoxin (type BCP),complete,Filippo Passardi,">4327|PtorBCP01| [Psychroflexus_torquis]|Bacteroidetes/Chlorobi|Atypical_2-Cysteine_peroxiredoxin_(type_BCP)|complete|
MSIEKGDSIPSFQLNDQNGIVFNSDDVIGKKPVVIYFYPKNFTPGCTKEACSFRDSYEDFKEIGAEVVGISGDSEKSHAKFTAKYNLPFILLADSTGKVRKKFGIKKSLLGLVPGRETFVIDAQGKLIFKFNSLDASQHMKKALKAIKKIN

"
4350,,CteBCP,Bacteroidetes/Chlorobi,Chlorobium tepidum,Atypical 2-Cysteine peroxiredoxin (type BCP),complete,Filippo Passardi,">4350|CteBCP| [Chlorobium_tepidum]|Bacteroidetes/Chlorobi|Atypical_2-Cysteine_peroxiredoxin_(type_BCP)|complete|
MALLQAGQKAPEFTAKDQDGKEVSLRDYTGRKVVLYFYPKDDTPGCTKEACAFRDNLPNFEKVDAVVLGVSVDGQKAHRKFADKYELPFTLLVDDEKKIVEAYGVWGLKKFMGREYMGTNRVTYLIDEQGTIEKVWSKVKPETHTAEVLDWLQQKT

"
4367,,GfoBCP02,Bacteroidetes/Chlorobi,Gramella forsetii,Atypical 2-Cysteine peroxiredoxin (type BCP),complete,Filippo Passardi,">4367|GfoBCP02| [Gramella_forsetii]|Bacteroidetes/Chlorobi|Atypical_2-Cysteine_peroxiredoxin_(type_BCP)|complete|
MTTLKEGDKAPDFKAEDQDGNEIKLSDYKGKKLVLFFYPKASTPGCTAEACNLSDNYDAMKKKGYEILGVSADSKKRQQNFKNKYDFKYPLLADEEKEVINAYGVWGPKKFMGKEYDGIHRTTFIINEEAKIEEVIKKVKTKAHAEQILEN

"
4383,,CphBCP_DSM266,Bacteroidetes/Chlorobi,Chlorobium phaeobacteroides,Atypical 2-Cysteine peroxiredoxin (type BCP),complete,Filippo Passardi,">4383|CphBCP_DSM266| [Chlorobium_phaeobacteroides]|Bacteroidetes/Chlorobi|Atypical_2-Cysteine_peroxiredoxin_(type_BCP)|complete|
MSLLQEGSVAPPITTIDQHGKNVTLHEYKGKKVVLYFYPKDDTPGCTKEACAFRDNLPNFNNLDAEILGVSVDSVEKHKKFAEKYTLPFRLLVDDEKKIVQDYGVWGLKKFMGKEYMGINRVTYLINEEGVIEKVWPKVSPAGHAEEILNYLQQKT

"
4384,,CliBCP,Bacteroidetes/Chlorobi,Chlorobium limicola,Atypical 2-Cysteine peroxiredoxin (type BCP),complete,Filippo Passardi,">4384|CliBCP| [Chlorobium_limicola]|Bacteroidetes/Chlorobi|Atypical_2-Cysteine_peroxiredoxin_(type_BCP)|complete|
MALLEIGAEAPPITADDQYGKPVTLDAYRGKKVVLYFYPKDDTPGCTKEACAFRDNLPKFQETGIEVLGVSIDSKAKHSKFAEKYDLPFRLVADEEKRVVEAYGVWGKKKFMGKEYMGTNRVTYLIDEQGMIEKVWPKVTPAVHAEEILDYLGQQT

"
4385,,PlutBCP,Bacteroidetes/Chlorobi,Pelodictyon luteolum (Chlorobium luteolum),Atypical 2-Cysteine peroxiredoxin (type BCP),complete,Filippo Passardi,">4385|PlutBCP| [Pelodictyon_luteolum_(Chlorobium_luteolum)]|Bacteroidetes/Chlorobi|Atypical_2-Cysteine_peroxiredoxin_(type_BCP)|complete|
MTLLEPGTPAPPLYGRDQDGREVKLEEYLGKKVLIYFYPKDDTPGCTAEACAFRDNLPNFNTVGVEVIGVSVDPQARHRKFVDKYSLPFRLLADEEKKTVEAYGVWGQKKFMGREYMGTSRVSYLVDEQGRIEKVWPKVKAADHPLEVLEWLETKH

"
4387,,CfeBCP,Bacteroidetes/Chlorobi,Chlorobium ferrooxidans,Atypical 2-Cysteine peroxiredoxin (type BCP),complete,Filippo Passardi,">4387|CfeBCP| [Chlorobium_ferrooxidans]|Bacteroidetes/Chlorobi|Atypical_2-Cysteine_peroxiredoxin_(type_BCP)|complete|
MAISILEEGTSAPAISALDQDGKPVTLEEYRGRKVILYFYPKDDTPGCTKEACAFRDNFPNFKALGVEVLGVSVDSEKKHKKFEEKYQLPFRLVADPEKSIVEAYGVWGQKKFMGREYMGTSRVTYLINEEGKIEKVWPKVNPSEHAEELLNYLQKKT

"
4388,,PphBCP,Bacteroidetes/Chlorobi,Pelodictyon phaeoclathratiforme,Atypical 2-Cysteine peroxiredoxin (type BCP),complete,Filippo Passardi,">4388|PphBCP| [Pelodictyon_phaeoclathratiforme]|Bacteroidetes/Chlorobi|Atypical_2-Cysteine_peroxiredoxin_(type_BCP)|complete|
MPMSILQEGIPAPAIAAKDQDGKLVTLEEYRGRKVVLYFYPKDDTPGCTKEACAFRDNFPKFNSAGVEVLGVSIDDEGKHKKFSEKYQLPFRLVSDPDKRIVEAYGVWGLKKFMGREYMGTARVTYLINEEGIIEHVWPKVTPAQHAEELLNYLQQKT

"
4389,,CphaBCP,Bacteroidetes/Chlorobi,Chlorobium phaeovibrioides (Prosthecochloris vibrioformis),Atypical 2-Cysteine peroxiredoxin (type BCP),complete,Filippo Passardi,">4389|CphaBCP| [Chlorobium_phaeovibrioides_(Prosthecochloris_vibrioformis)]|Bacteroidetes/Chlorobi|Atypical_2-Cysteine_peroxiredoxin_(type_BCP)|complete|
MALLKEGGTAPDFTGIDQHGKSVSLSEYRGSKVLIYFYPKDDTPGCTAEACAFRDNLPNFNKLGVTVLGVSTDPEAKHRKFADKYSLPFRLVADSDKVIVQAYGVWGPKKFMGKEYMGTSRVSYMIDEDGLIAKVWPKVKPAVHPEEVLGWLQANK

"
4391,,PaeBCP,Bacteroidetes/Chlorobi,Prosthecochloris aestuarii,Atypical 2-Cysteine peroxiredoxin (type BCP),complete,Filippo Passardi,">4391|PaeBCP| [Prosthecochloris_aestuarii]|Bacteroidetes/Chlorobi|Atypical_2-Cysteine_peroxiredoxin_(type_BCP)|complete|
MKLLAHGDPAPLFESVDQDGQPVKLVDYKGKKVILYFYPKDDTPGCTKEACAFRDNFPKFKEIGVEVLGVSVDSEKRHKKFTEKYDLPFRLVVDEEKTIVEHYGVWGLKKFMGREYMGTARVTYLINEEGVIDMVWPKVKPEKHASEIVAYLEQNN

"
4392,,CphBCP_BS1,Bacteroidetes/Chlorobi,Chlorobium phaeobacteroides,Atypical 2-Cysteine peroxiredoxin (type BCP),complete,Filippo Passardi,">4392|CphBCP_BS1| [Chlorobium_phaeobacteroides]|Bacteroidetes/Chlorobi|Atypical_2-Cysteine_peroxiredoxin_(type_BCP)|complete|
MEVLEPGTPAPPFESIDQNGKTVTLEEYRGRKVILYFYPKDDTPGCTKEACAFRDNFPKFKKIGVEVLGVSIDSEKRHKKFVDKYELPFRLVVDEDKKIVQDYGVWRLKKFMGREYMGTARVTYLIDEHGSIQHVWPKVKPADHALELLEYIENAG

"
4393,,CchBCP,Bacteroidetes/Chlorobi,Chlorobium chlorochromatii,Atypical 2-Cysteine peroxiredoxin (type BCP),complete,Filippo Passardi,">4393|CchBCP| [Chlorobium_chlorochromatii]|Bacteroidetes/Chlorobi|Atypical_2-Cysteine_peroxiredoxin_(type_BCP)|complete|
MATSLLSVGTAAPEFSALDQNGQSVSLTEYRGRKVILYFYPKDDTPGCTKEACAFRDNFPTFNAIGVEVLGVSIDDGAKHKKFVEKYQLPFRLVADPDKTIVQAYGVWGLKKFMGKEYMGTNRVTYLINEEGVIEKVWPKVSPEKHAQELIAYLQPSA

"
4394,,ChBCP,Bacteroidetes/Chlorobi,Cytophaga hutchinsonii,Atypical 2-Cysteine peroxiredoxin (type BCP),complete,Filippo Passardi,">4394|ChBCP| [Cytophaga_hutchinsonii]|Bacteroidetes/Chlorobi|Atypical_2-Cysteine_peroxiredoxin_(type_BCP)|complete|
MTLTAGDKAPVFKGTDQDGNTISLKDFAGKKVVLYFYPKDNTPGCTKQACDLRDNYNALLKAGYVVIGVSTDSEKSHQKFIKKFELPFPLIADEDKTIHEQYGVWGEKSMYGKTYMGTLRTTFVIDEKGKIEEVISKVKTDDHTAQILK

"
4395,,FjBCP02,Bacteroidetes/Chlorobi,Flavobacterium johnsoniae,Atypical 2-Cysteine peroxiredoxin (type BCP),complete,Filippo Passardi,">4395|FjBCP02| [Flavobacterium_johnsoniae]|Bacteroidetes/Chlorobi|Atypical_2-Cysteine_peroxiredoxin_(type_BCP)|complete|
MTTLKAGDKAPNFSGTDQDGKTHKLADYAGKKLVVFFYPKASTPGCTAEACDLRDNFERFKANNYELLGVSADSQKAQSKFKDKYEFPFPLIADEDKAVINAFGVWGPKKFMGKEYDGIHRTTFVIDEKGIIEEVIEKVKTKEHASQILK

"
4398,,PtorBCP02,Bacteroidetes/Chlorobi,Psychroflexus torquis,Atypical 2-Cysteine peroxiredoxin (type BCP),complete,Filippo Passardi,">4398|PtorBCP02| [Psychroflexus_torquis]|Bacteroidetes/Chlorobi|Atypical_2-Cysteine_peroxiredoxin_(type_BCP)|complete|
MLYFYTKIGIMTTLKAGDKAPNFEAKDQDGNIHSLKDYEGKKLVVFFYPKASTPGCTAEACNLRDNWKALQAQGYYILGVSADSQKRQQNFKNKYELPFPLLADEDKSVIEAFGVWGPKKFMGKEYDGIHRTSFIIDENGVLDEVITKVKTKTHAEQIL

"
4435,,Gfo1CysPrx,Bacteroidetes/Chlorobi,Gramella forsetii,1-Cysteine peroxiredoxin,complete,Nicolas Rouhier,">4435|Gfo1CysPrx| [Gramella_forsetii]|Bacteroidetes/Chlorobi|1-Cysteine_peroxiredoxin|complete|
MSELKLGDKAPNFDAETSDGKINFHDYLGDSWGILFSHPADYTPVCTTELGTVANYKAKFKERDVKVIALSVDGLKSHEGWIKDINETQNTTVNFPIIADEDRKVSDLYGMIHPKADDTLTVRSVFVIAPDKSIKMTLTYPASTGRNFDELLRVIDSLQLTAYNKVATPANWKQGEDVVISPSVSNEEADKMFPKGYKVVKPYLRTTSQPELKK

"
4442,,Ptor1CysPrx,Bacteroidetes/Chlorobi,Psychroflexus torquis,1-Cysteine peroxiredoxin,complete,Nicolas Rouhier,">4442|Ptor1CysPrx| [Psychroflexus_torquis]|Bacteroidetes/Chlorobi|1-Cysteine_peroxiredoxin|complete|
MAHLRLGDIAPDFTAETTEGNISFHDWLGDQWGIIYSHPADFTPVCTTELGRTAQLKDEFDKRHVKVIALSVDPLKDHHEWIKDINETQNTTVNFPIIADSDRKVAELYDMIHPNASEKATVRSVFIVGPDKKIKLTLTYPASTGRNFDELLRVIDSLQLTANKKLATPADWKPGQDAIISPSVSDEEAKEQFPKYKAIKSYLRTTPTEK

"
4517,,BfrBCP,Bacteroidetes/Chlorobi,Bacteroides fragilis,Atypical 2-Cysteine peroxiredoxin (type BCP),complete,Filippo Passardi,">4517|BfrBCP| [Bacteroides_fragilis]|Bacteroidetes/Chlorobi|Atypical_2-Cysteine_peroxiredoxin_(type_BCP)|complete|
MNVGDKAPELLGINEKGEEVRLNNYKGRKIVLYFYPKDNTSGCTAQACSLRDNYAELRKAGYEVIGVSVDNEKSHQKFIEKNNLPFTLIADTDKKLVEQFGVWGEKKLYGRAYMGTLRTTFLINEEGVIERIIGPKEVKAKEHASQIL

"
4518,,BtheBCP,Bacteroidetes/Chlorobi,Bacteroides thetaiotaomicron,Atypical 2-Cysteine peroxiredoxin (type BCP),complete,Filippo Passardi,">4518|BtheBCP| [Bacteroides_thetaiotaomicron]|Bacteroidetes/Chlorobi|Atypical_2-Cysteine_peroxiredoxin_(type_BCP)|complete|
MKNIGDKAPEVLGINEKGEEIRLSAYKGKKIVLYFYPKDSTSGCTAQACSLRDNYSELRKAGYEVIGVSVDSEKSHQKFIDKNNLPFTLIADTDKKLVEEFGVWGEKKLYGRAYMGTFRTTFLINEEGIIERIITPKEVKTKEHASQILNQ

"
4523,,GfoAhpC,Bacteroidetes/Chlorobi,Gramella forsetii,AhpC like peroxiredoxin,complete,Christophe Dunand,">4523|GfoAhpC| [Gramella_forsetii]|Bacteroidetes/Chlorobi|AhpC_like_peroxiredoxin|complete|
MALVGRKFPNLSVDAMNEMGDTFKLNILEEAQKNNKKVLLFWYPKDFTFVCPTELHAFQNAMEEFEKRNVMVVGASCDTPEVHFAWLNTPKDNGGIEGVKYPILADSNRNLSSRLDILDIMSETYDDETGAITLEGDNVTYRATYLIDEEGTVFHEGVNHMPLGRNVNEFLRLIDAYTHVQEKGEVCPANWEEGKEAMNADREGVASYLSLN

"
4644,,MmarAhpD,Bacteroidetes/Chlorobi,Microscilla marina,Alkylhydroperoxidase D,complete,Filippo Passardi,">4644|MmarAhpD| [Microscilla_marina]|Bacteroidetes/Chlorobi|Alkylhydroperoxidase_D|complete|
MSIFTFQLKSSQLLTPNYQLFSIFKHMIQEVASDLLQDLGVNPEDASVAFNTVVDGESRYIKDLRINLKNAFKAKNLSQKEAALIALSVAANEQNDILQKLFTAQAKTAEASEAEIAEAVACASLLAANNVFYRFRHFMNKDKYNTIPAGIKMQIMMKPVSGKEFFELMSLAISAVNGCEMCVTAHEKSLLELGATEERVFDAVRIASVVVSATKLIY

"
4659,,ChAhpD,Bacteroidetes/Chlorobi,Cytophaga hutchinsonii,Alkylhydroperoxidase D,complete,Filippo Passardi,">4659|ChAhpD| [Cytophaga_hutchinsonii]|Bacteroidetes/Chlorobi|Alkylhydroperoxidase_D|complete|
MQILDHADSRYIRDLKVNVSNALVTAHISEKESALLALSIAANQKNNILISGFQKLSAEKGATIEEQNEAISCASLLAGNNVFYRFRHFQQKESYNTMQAKIKMNIMMKPVLGKEFFELISLAVSAVNGCEMCVNAHEHSVREMGATEERVWDAIRLAAVITSLDKVMS

"
4696,,Fj1CysPrx,Bacteroidetes/Chlorobi,Flavobacterium johnsoniae,1-Cysteine peroxiredoxin,complete,Christophe Dunand,">4696|Fj1CysPrx| [Flavobacterium_johnsoniae]|Bacteroidetes/Chlorobi|1-Cysteine_peroxiredoxin|complete|
MSTLRLGDIAPDFHAETTQGPINFHEWLGDSWGVLFSHPADFTPVCTTELGTVANYVPEFTKRNTKVIALSVDGLDSHKEWIKDINETQNTEVNFPIIADEDKKVANLYDMLHPNASDKFTVRSVFVIGPDKKIKLTLTYPASTGRNFDELLRVIDSLQLTANYSVATPANWKDGEDVVIAPAIPDSDIPAKFPKGHKPIKPYLRLTPQPNK

"
4697,,Ch1CysPrx,Bacteroidetes/Chlorobi,Cytophaga hutchinsonii,1-Cysteine peroxiredoxin,complete,Christophe Dunand,">4697|Ch1CysPrx| [Cytophaga_hutchinsonii]|Bacteroidetes/Chlorobi|1-Cysteine_peroxiredoxin|complete|
MSLRLGDIAPDFKADTTEGPISFHEWLGDKWGVLFSHPADYTPVCTTELGATAKLKSEFEKRNVKVAALSVDGLESHKGWIKDINETQNTTVNFPIIADEDRKVAELYDMIHPNASEKFTVRSLFIIGNDKKIKLIITYPASTGRNFTEILRVIDSLQLTANYSVATPANWKDGEDVVITPAVKDEDIAAKFPKGYTRVKPYLRTTPQPNK

"
4698,,ChAhpC,Bacteroidetes/Chlorobi,Cytophaga hutchinsonii,AhpC like peroxiredoxin,complete,Christophe Dunand,">4698|ChAhpC| [Cytophaga_hutchinsonii]|Bacteroidetes/Chlorobi|AhpC_like_peroxiredoxin|complete|
MQNRILSVGSAFPAFKKTAVVSIEKGKEFTEISSENLVNEDNQWTVMFWWPKDFTFVCPTEIAEFNNAFGDFRDRDTTLIGASTDSEFVHAAWRRDHEDLRGLKFPMLADTSKSLAEELGILEAAEKVALRATFIIDPQGIIRWVSVNDLNVGRNVKEVIRVLDALQTDELCPCNWEKGQETIHA

"
4742,,GfoCMD,Bacteroidetes/Chlorobi,Gramella forsetii,Carboxymuconolactone decarboxylase (peroxidase activity),complete,Filippo Passardi,">4742|GfoCMD| [Gramella_forsetii]|Bacteroidetes/Chlorobi|Carboxymuconolactone_decarboxylase_(peroxidase_activity)|complete|
MSKNYYDAADLRKFGEITEWSEELGTKFFDYYGKVFEEGALSAREKSLIALAVSHVVKCPYCIDAYTKDGLQRGITKEEMMEAVHAGAAIESGATLVHGVQMMNKYKKLSM

"
4743,,BBFL7CMD,Bacteroidetes/Chlorobi,Flavobacteria bacterium BBFL7,Carboxymuconolactone decarboxylase (peroxidase activity),complete,Filippo Passardi,">4743|BBFL7CMD| [Flavobacteria_bacterium_BBFL7]|Bacteroidetes/Chlorobi|Carboxymuconolactone_decarboxylase_(peroxidase_activity)|complete|
MDKTYYDPKDLRKFGKITEWSEELGTKFFDYYGQVFEEGELTAREKSLIALAVSHAVHCPYCIDAYTGDALKRGITKGEMMEAVHVAGAIQAGATLVHGVQMMNKVNKLEM

"
4749,,BtheAlkyPrxn02,Bacteroidetes/Chlorobi,Bacteroides thetaiotaomicron,Other alkylhydroperoxidase (no peroxidase activity),complete,Filippo Passardi,">4749|BtheAlkyPrxn02| [Bacteroides_thetaiotaomicron]|Bacteroidetes/Chlorobi|Other_alkylhydroperoxidase_(no_peroxidase_activity)|complete|
MNKLITTIACLICCIVYTQAQNKNNMLSKKEQSIAAISMYAARGNQDSLKVILARGLDCGLTVSEEKEVLTQLYAYCGFPRSMGALVTLMNLTKERAAQGIKDEAGREPSPVKSSDMFVVGGQNQLKLFGRPALGEVLTFAPALDQFLKAHLFGDIFSRDNLDWRTRELSTVAALSVLDGVKNELNTHIAHAKHNGVTQAQIDEVLIMAARCRNGMVLSESDEPAKTFQTDPTITVRKVFYKNRYDIMLCAEMYLPKDFNEAQHYAALIIGHPFGAVKEQCSGLYAQEMARRGYVTLAFDASYQGESGGEPRHTVSPDALVEDFSASVDWLGLQPFIDRNRIGVIGICGSGGFSVCAASLDPRIKALATVSMYDMGRATRNGLGDSMTDEQRRKLLDEVAEQRWKEAETGEARIRFGTPEKLLGNANAVQKEFFDYYRNPLRGYHPRYQGIRFTSQAALMNFYPFAMIKEISPRPVLFIAGEHAHSRYFSEDAYQEASEPKELYIVPGANHVDLYDRMDKIPFEKISEFFWYALR

"
4750,,BtheAlkyPrxn,Bacteroidetes/Chlorobi,Bacteroides thetaiotaomicron,Other alkylhydroperoxidase (no peroxidase activity),complete,Filippo Passardi,">4750|BtheAlkyPrxn| [Bacteroides_thetaiotaomicron]|Bacteroidetes/Chlorobi|Other_alkylhydroperoxidase_(no_peroxidase_activity)|complete|
MRKLFFIFVTVIGFLQIPMQSINAQSMKKEEVPQNISAFPLGKENTGFKQYFTGESWLAPLTGNKDLNVPMSNVTFEPGCRNNWHSHTGGQILIAVGGVGYYQERGKAARRLLPGDVVEIAPDIEHWHGAAPDSWFSHLAIGCNPQTNKNIWLEQVDDQQYAEATKDNGGTGLSATDPELDAIFGNFTKEVQQYGNLDTKTRLMVTLASNIASQAQTEYRMMLESALNAGITPIEIKEILYQAVAYAGMAKVMDFVGITNEALLAHGVRLPLEGQAVVSAETRFDKGLALQKSIFGERIDQMHKNAPENQKHIQRYLSANCFGDYQTRGGLDVKTRELLTFSILVSLGGCESQVKGHIQGNVNVGNNKDTLLAVVTQLLPYIGYPRTLNAIACLNEVIPEK

"
4752,,BfrAlkyPrxn_ATCC25285,Bacteroidetes/Chlorobi,Bacteroides fragilis,Other alkylhydroperoxidase (no peroxidase activity),complete,Filippo Passardi,">4752|BfrAlkyPrxn_ATCC25285| [Bacteroides_fragilis]|Bacteroidetes/Chlorobi|Other_alkylhydroperoxidase_(no_peroxidase_activity)|complete|
MKTKVASLALLLTLIFPIMAKSQVKIQQTAGRDALGEFAPEFARLNDDILFGEVWSRNDLLSLRDRSIVTVVALMSQGLTDSSFKYHLESAKKNGVTRTEIAEILTHAAFYAGWPKAWAAFRMAKEVWTDGNADSVAASSLEAYAQTIIFPVGNPNDAYAKYFIGQSYTAPVVTDGVPVVNVTFEPGCRNNWHVHKATKGGGQTLVCVGGRGYYQEWGKEPVELRPGDAINIPAGVKHWHGAAPDSWFSHLAIEVPGENNSTEWLEPVGDEEYSKLK

"
4753,,BfrAlkyPrxn_YCH46,Bacteroidetes/Chlorobi,Bacteroides fragilis,Other alkylhydroperoxidase (no peroxidase activity),complete,Filippo Passardi,">4753|BfrAlkyPrxn_YCH46| [Bacteroides_fragilis]|Bacteroidetes/Chlorobi|Other_alkylhydroperoxidase_(no_peroxidase_activity)|complete|
MNKVFLFLLFSFLTITSMAQEKIKQTAGRDQLGDFAPKFAELNDDVLFGEIWSRTDKLSLRDRSLVTITSLISQGITDNSLTFHLQSAKNNGISRTEISEIITHIGFYAGWPKAWAAFRLAKEVWAKDTTGVDAKAAFQREMIFPIGEPNTAYAQYFTGNSYLAPISHEQVNISNVTFEPGCRNNWHVHHAKKGGGQMLIGIAGRGWYQEEGKPAVEILPGTVIHIPANVKHWHGATAESWFAHLAFEIPGEDSSNEWLEPVTNKEYNRLPQ

"
4760,,FjCMD,Bacteroidetes/Chlorobi,Flavobacterium johnsoniae,Carboxymuconolactone decarboxylase (peroxidase activity),complete,Filippo Passardi,">4760|FjCMD| [Flavobacterium_johnsoniae]|Bacteroidetes/Chlorobi|Carboxymuconolactone_decarboxylase_(peroxidase_activity)|complete|
MSDLVQEFNDYRSKMNEKLLADNNKIVKRIFNLDTNAYAPGALDVKTKELLGLVASAVLRCDDCVKYHLETSYKEGISKEEMMEAMGIATLVGGTIVIPHLRRAYEFWEALEEAGK

"
4761,,MmarCMD,Bacteroidetes/Chlorobi,Microscilla marina,Carboxymuconolactone decarboxylase (peroxidase activity),complete,Filippo Passardi,">4761|MmarCMD| [Microscilla_marina]|Bacteroidetes/Chlorobi|Carboxymuconolactone_decarboxylase_(peroxidase_activity)|complete|
MEKNIVEEFNTYRAQMNEKILGADNKVLKRLFNLDTNCYQEGQVDVITKEMIGMACSMVLRCDDCVRYHLGKCYELEVTTEQVFEVFAIANLIGGTIVIPHLRRAVEYWETLQQNQGK

"
4762,,PtorCMD,Bacteroidetes/Chlorobi,Psychroflexus torquis,Carboxymuconolactone decarboxylase (peroxidase activity),complete,Filippo Passardi,">4762|PtorCMD| [Psychroflexus_torquis]|Bacteroidetes/Chlorobi|Carboxymuconolactone_decarboxylase_(peroxidase_activity)|complete|
MMDLVDEFEAYRAKMNGKILDENNKVLKRIFNLDTNSFTEGALDVKTKELLGLVSSLVLRCDDCVKYHLESSYKEGLKRAQIVEALSIGTLVGGTIVIPHLRRAFEYWEALEQKFGKTE

"
5000,,ChDiHPOX,Bacteroidetes/Chlorobi,Cytophaga hutchinsonii,Other di-haem peroxidase,complete,Filippo Passardi,">5000|ChDiHPOX| [Cytophaga_hutchinsonii]|Bacteroidetes/Chlorobi|Other_di-haem_peroxidase|complete|
MSEHIAFLSPAYFFVSSQTLYEDMNLSIRVFLILTSVLFCCSAVYNITEKPYVLNIPEGFPQPYIPEDNALTYARIELGKKLFYDTLLSSDRSVSCSSCHLQTMGFTDGKTLSTGVNQRVSDRNGMPLINLAWSNAFFWDGGVPSLELQVLKPLTSPNEMNLPVQEAVNRLNADHVYKKLFKKAYGTNPDAASLFKAIASFERTLISADTKFDAYFYKKDPAAFNESELRGYKLFFGGDKVHCGSCHSGINLTNNSFQNNGLYMEYSDQGRYRITGKESDKGKFKVPTLRNIALTAPYMHDGSLKTLEEVIDHYNTGGISHPNKSEHVHIHKGMKLNTQDKKDLVSFLHTLTDMTFITNKAFRPE

"
5034,,CphDiHCcP,Bacteroidetes/Chlorobi,Chlorobium phaeobacteroides,Di-haem cytochrome C peroxidase,complete,Filippo Passardi,">5034|CphDiHCcP| [Chlorobium_phaeobacteroides]|Bacteroidetes/Chlorobi|Di-haem_cytochrome_C_peroxidase|complete|
MKIHSIAAGVLVIGVMASCAKAPPPVNEPLPVEQPKTPVLQPKTNEPIQPVEDAKVTDPAMVELGKQLFFDPRLSKSGFISCNSCHNLSMGGSDNLKSSIGHKWNKGPINSPTVLNSSMNLAQFWDGRAKDLKEQAGGPIANPGEMAFTHELAIEVLQSIPGYAEEFKKVFGVDKIDIDQITRAIAAFEETLVTPNSRFDKWLKGDDAAITQNEREGYELFKSSGCTACHNGPALGGNSYQKMGVVEPYKGSTNAVGRSAVTGKDADRFNFKVPTLRNIELTYPYFHDGEAATMAKAVEVMGQIQLGKTFTPDENAKIVAFLKSLTGDQPKFVLPLLPPSSDTTPPPAPFK

"
5040,,PphDiHCcP,Bacteroidetes/Chlorobi,Pelodictyon phaeoclathratiforme,Di-haem cytochrome C peroxidase,complete,Filippo Passardi,">5040|PphDiHCcP| [Pelodictyon_phaeoclathratiforme]|Bacteroidetes/Chlorobi|Di-haem_cytochrome_C_peroxidase|complete|
MKTHFLVVALLAAGTLSSCAKKPQPEAATPPAPVAAPPAAPVLQPKTGEPVAPVEAPKVADQAMVELGKKLFFDPRLSKSGFISCNSCHNLSMGGSDNLKSSIGHKWKQGPINSPTVLNSSMNLAQFWDGRAKDLKEQAGGPIANPGEMGFTHDLAVTVLQSIPAYVDEFKKVFQADTIDIDKVTTAIAAFEETLVTPNARFDKWLRGDDAAITKEELAGYELFKSSGCTACHNGVALGGNSFQKMGAVEPYKTKNPASGRSAVTKDDADRFKFKVPTLRNVELTYPYFHDAGAATLSKAVEVMGQIQLGKTFTVEENANIVAFLKSLTGDQPKFELPQLPPSSDTTPLPQPFGK

"
5050,,PaeDiHCcP,Bacteroidetes/Chlorobi,Prosthecochloris aestuarii,Di-haem cytochrome C peroxidase,complete,Filippo Passardi,">5050|PaeDiHCcP| [Prosthecochloris_aestuarii]|Bacteroidetes/Chlorobi|Di-haem_cytochrome_C_peroxidase|complete|
MKLTTFLGALTTLAVTTSCTPDTEQQNNSKSAQKPAAEQEISVMRNEPVKPLEPAIITDTAMVELGKKLYFDPRLSLSGFISCNSCHNLSMGGSDNLKSSIGHKWSRGPINSPTVLNSNLNLAQFWDGRAKDLKEQAGGPIANPGEMAFTHELAVELLQSIPGYVDEFHQVFATTSIDIDQVTTAIAAFEETLVTPDSRFDLWLKGDDSAINETELKGYALFKSSGCSACHNGPALGGNSFQKMGLVAPYKATSPVEGRSAVTGKDADRFSFKVPTLRNVELTYPYFHDGEAETLAEAVEIMGRIQLGRTFTEEENEQIVAFLKTLTGTQPRMELPLLPPSSDTTPRPDPFSD

"
5053,,CchDiHCcP,Bacteroidetes/Chlorobi,Chlorobium chlorochromatii,Di-haem cytochrome C peroxidase,complete,Filippo Passardi,">5053|CchDiHCcP| [Chlorobium_chlorochromatii]|Bacteroidetes/Chlorobi|Di-haem_cytochrome_C_peroxidase|complete|
MKKHQMLAATLLAVGVLTSCSKKSEPVPEPAPVPPPAPVLQPRTGEPAQPIEAPTVADAGMVELGKKLFFDPRLSKSGFISCNSCHNLSMGGSDNLKSSIGHKWQQGPINSPTVLNSSMNLAQFWDGRAKDLKEQAGGPIANPGEMAFTHELAINVLKTVPGYVDEFKKVFKSDSLSIDQVTQAIASFEETLVTPNSRFDKWLKGDDAALTAEELAGYQLFKSSGCTACHNGVALGGNSFQKMGVVQPYRSTNKAAGRFAVTKDNADRFAFKVPTLRNVELTYPYFHDGAAPTLAKAVEIMGQVQLGRTFTPEENGSIVAFLKTLTGDQPSFSLPQLPPSSDTTPAPQPFGK

"
5058,,CliDiHCcP,Bacteroidetes/Chlorobi,Chlorobium limicola,Di-haem cytochrome C peroxidase,complete,Filippo Passardi,">5058|CliDiHCcP| [Chlorobium_limicola]|Bacteroidetes/Chlorobi|Di-haem_cytochrome_C_peroxidase|complete|
MHLRQIISGIAVLSVTASCAPTPQVEKKSEPAETLNVEVPKPRAGEPVSPISAATVSNAEMVELGKKLFFDPRLSKSGFISCNSCHNLSMGGSDNLKSSIGHKWNKGPINSPTVLNSSMNLAQFWDGRAKDLKEQAGGPIANPGEMAFTHELAVGVLQSIPGYVDEFKKVFGSDQITIDQITQAIAAFEETLVTPGSRFDKWLLGDDNAITKDEREGYELFKSSGCTACHNGPALGGNSYQKMGVVEPYKAASKVEGRSAVTGKDADRFNFKVPALRNVALTYPYFHDGEAATLAKAIDVMGQIQLGKRFTPEENAKIVAFMKTLTGKQPVFELPVLPPSSDTTPAPEPFGK

"
5061,,PlutDiHCcP,Bacteroidetes/Chlorobi,Pelodictyon luteolum (Chlorobium luteolum),Di-haem cytochrome C peroxidase,complete,Filippo Passardi,">5061|PlutDiHCcP| [Pelodictyon_luteolum_(Chlorobium_luteolum)]|Bacteroidetes/Chlorobi|Di-haem_cytochrome_C_peroxidase|complete|
MIRPRASMPGLSGMRVAAGALMNLKKLKKHITMNATSRLFAAAAFSVLAACSEGGQTPRSSSLRSEPVAPVAAARVDDPELVELGRKLYFDPRLSKSGFISCNSCHNLSMGGSDNLKSSIGHNWSKGPINAPTVLNSSMNLAQFWDGRAKDLQEQAGGPIANPGEMAFTHKLAVDMLLSIPAYVDEFREVFGAEGIDIKKVTKAIAAFEETLVTPGSRFDFWLKGDDRALSAEELEGYQLFKSSGCTACHNGPLFGGNSYQKMGVIEPYSAKSPAEGRSAVTGRDADRFNFKVPTLRNVELTYPYFHDGEAETLTEAVEVMGRIQLGRTYSESDNRKIVAFLKTLTGKQPEIMLPLLPPSSDSTPRPTPFE

"
5066,,CfeDiHCcP,Bacteroidetes/Chlorobi,Chlorobium ferrooxidans,Di-haem cytochrome C peroxidase,complete,Filippo Passardi,">5066|CfeDiHCcP| [Chlorobium_ferrooxidans]|Bacteroidetes/Chlorobi|Di-haem_cytochrome_C_peroxidase|complete|
VELGKKLFFDPRLSKSGFISCNSCHNLSMGGSDNLKSSVGHKWNQGPINSPTVLNSGMNLAQFWDGRAKDLKEQAGGPIGNPGEMSFTHDLAVSVLQSIPAYVDEFKKVFNADTIDIDKVTTAIAAFEETLVTPNARFDKWLNGDDAAITKEELAGYELFKSSGCTNCHNGPALGGNSFQKMGIVTPFMTKSKVVGRIAVTKDIADRFKFKVPTLRNVELTYPYFHDGSAQTLSKAVEVMGQIQLGKTYTPEENASLVAFLKSLTGDQPKFELPQLPPSSDTTPAPQPFGK

"
5352,,AlmacCP01,Bacteroidetes/Chlorobi,Algoriphagus machipongonensis,Catalase peroxidase,complete,Christophe Dunand,">5352|AlmacCP01| [Algoriphagus_machipongonensis]|Bacteroidetes/Chlorobi|Catalase_peroxidase|complete|
MEKHHSHSNGSSFETNSEGGKCPFTGGTMQHSAGGGTRNRDWWPNSLNLGILRQHSSLTNPMDKDFNYAEEFKTLDLETVKKDIVETLTTSQDWWPADFGHYGPFMIRMAWHSAGTYRIADGRGGGGAGAQRFAPLNSWPDNANLDKARLLLWPIKQKYGRKLSWADLMILAGNCALESMGLKTFGFGGGREDIWEPEEDVYWGSEGEWLGDKERYSGDRELENPLGASHMGLIYVNPEGPEGKPDPIGAARDIRETFGRMAMNDYETVALIAGGHTFGKTHGAGDADKYVAAEPAGAPIEEMSLGWKNTLGKGNAEDTITSGIEVTWTTTPTQWSNNFFENLFGYEWELTKSPGGAHQWRPKDGGGAGTVPDAHIPGKKHAPAMLTTDLALKFDPEYEKISRHFYENPDEFADAFARAWFKLTHRDMGPLALYLGPEVPKEELIWQDPIPKVNHKLVEASDIASLKAKILDAGLSVSELVSTAWASASTFRGGDKRGGANGARIRLEPMKNWEVNNPSQLSKVLKTLEGIQSDFNASQSDGKKVSLADLIVLGGCAAVEKAAKAGGHDIEVSFSPGRSDASQEQTEIESFDALEPAADGFRNYYKPKHKASAEELLVDKAQTLTLTAPEMTVLVGGMRVLKANFDNSKHGVFTSTPGSLTNDFFKNVLDLNTTWSATTDSQSIFVGSDRKTGEPKWTGTRVDLIFGSNSELRALSEVYACADSDKKFVKDFVAAWNKVMNLDRFDLK

"
5516,,BcaMnCat,Bacteroidetes/Chlorobi,Bacteroides caccae,Manganese Catalase,complete,Dominique Koua,">5516|BcaMnCat| [Bacteroides_caccae]|Bacteroidetes/Chlorobi|Manganese_Catalase|complete|
MFYHVKDLQFNARVSRPDPRFARILLEAFGGANGELTSALQYFVQAFSCHNPFPDKYDMLMDIATEELAHLEIVGATIQMLLGPVNGEMKDAAETMEIRKLMDGKSAKEEFIQQAFTNPQCVVVAPGSPMLTDSNGNPWCGSYVSANAELTVDLQSNMANECRAKIGYENLLKFTEDPSVRETLIFLMTREVTHFQQFEAALNTIQPNFPPAVLQTSPKYSNLYFNLSKGEEFRGPWNEGQSSRLKEEWQYIDNSLEEVRKTNGLVDRKPEGTERTEKQVAQMDKQLSDERSNEVLSATPEKELMWCDYQKSEKSSKK

"
5517,,BcapMnCat,Bacteroidetes/Chlorobi,Bacteroides capillosus,Manganese Catalase,complete,Dominique Koua,">5517|BcapMnCat| [Bacteroides_capillosus]|Bacteroidetes/Chlorobi|Manganese_Catalase|complete|
MFVYEKKLQYPVKISTPNPRLASFIISQYGGPDGELGASIRYLSQRYAMPYPELKGLLTDIGTEELGHLEMIGAIVHQLTRGLNDQQVREGGFAPYFVDHTTGVYPTAASGSPWNAAGIGVKGDVICDLTEDMAADGALASARIFSPPLLSPVLRFISCQRKGGFILNDAIYCKNVFQNESSTPDGAAYTRIWLELVRRAVERDICLETQVPDGDA

"
5528,,PdiDyPrx,Bacteroidetes/Chlorobi,Parabacteroides distasonis,DyP-type peroxidase B,complete,Christophe Dunand,">5528|PdiDyPrx| [Parabacteroides_distasonis]|Bacteroidetes/Chlorobi|DyP-type_peroxidase_B|complete|
MNSLQNPLNANYPQDVTQKPGENAVFIVYALKDLPDTIDKVKDVCANFSALIRSMRNRYPDMQFSCTIGFGADAWKRFFPEQGNPKELQPFEEIKGVKLTAVSTPGDLLFHIRCKQMGLCFEFASIIDQKLRGVVESIDETHGFRYRDGKAIIGFVDGTENPAVDEDPYRFAVIGDEDPEFMGGSYVFVQKYIHDMVAWNALPVEEQEKVIGRRKFNDVELSDEEKPKNAHNAVTNIGDDLKIVRANMPFAHTSKGEYGTYFIAYASTFSTTRRMLENMFVGDPVGNTDRLLDFSTPITGTLFFVPSYELLDKLGE

"
5529,,BfrDyPrx,Bacteroidetes/Chlorobi,Bacteroides fragilis,DyP-type peroxidase B,complete,Christophe Dunand,">5529|BfrDyPrx| [Bacteroides_fragilis]|Bacteroidetes/Chlorobi|DyP-type_peroxidase_B|complete|
MNSHQELFGGNIPQDVTGKQGENAIFIVYGLKQSDNTIKQVKDLCANFSALIRSMRNRFPEMQFSCTIGFGADAWKQLFPEQGNPKELKTFETIKGAKYTAVSTPGDILLHIRAKQMGLCFEFASIIDEKLKGVVDSIDETHGFRYMDGKAIIGFVDGTENPAVDENPYHFAVIGDEDPDFIGGSYIFVQKYIHDMTTWNSLPVEAQEKVIGRHKYNDVELSDEEKPQNAHNAVTNIGDDLKIVRANMPFANTSKGEYGTYFIGYASTFSTTHKMLENMFIGDPVGNTDRLLDFSTPITGTLFFAPSYDLLAKLGE

"
5530,,BtheDyPrx,Bacteroidetes/Chlorobi,Bacteroides thetaiotaomicron,DyP-type peroxidase B,complete,Christophe Dunand,">5530|BtheDyPrx| [Bacteroides_thetaiotaomicron]|Bacteroidetes/Chlorobi|DyP-type_peroxidase_B|complete|
MNPFQNSFGGHIPQDVAGKQGENVIFIVYNLTDSPDTVDKVKDVCANFSAMIRSMRNRFPDMQFSCTMGFGADAWTRLFPDKGKPKELSTFSEIKGEKYTAVSTPGDLLFHIRAKQMGLCFEFASILDEKLKGAVVSVDETHGFRYMDGKAIIGFVDGTENPAVDENPYHFAVIGEEDADFAGGSYVFVQKYIHDMVAWNALPVEQQEKVIGRHKFNDVELSDEEKPGNAHNAVTNIGDDLKIVRANMPFANTSKGEYGTYFIGYASTFSTTRRMLENMFIGSPAGNTDRLLDFSTAITGTLFFVPSYDLLGELGE

"
5560,,PtorHalNPrx,Bacteroidetes/Chlorobi,Psychroflexus torquis,"No haem, no metal haloperoxidase",complete,Dominique Koua,">5560|PtorHalNPrx| [Psychroflexus_torquis]|Bacteroidetes/Chlorobi|No_haem,_no_metal_haloperoxidase|complete|
MSDLNTSSLEKSMAIKLSYSDYGKGQPVILIHGWPLNQKMWEYQVEALVHSGYRVITYDRRGFGESSKPWEKYDYDSLAKDLKDLIETLKLKDSILVGFSMGGGEVARYIGNYGTSSIAKAILVSSVTPFMMDTEDNKGVDSSVFEGMKEGISKDRPQFFKDFGKNFYNYETFKGDRISEAMLDFTWNLAMQGSRKATLDCVDSFGKTDFREDCKKFDVPTLIVHGDADQIVPIEVSAKKAKSLIFNAQLKVIKEAPHGLVITHHSEFNSILLNFLKGE

"
5561,,GfoHalNPrx,Bacteroidetes/Chlorobi,Gramella forsetii,"No haem, no metal haloperoxidase",complete,Dominique Koua,">5561|GfoHalNPrx| [Gramella_forsetii]|Bacteroidetes/Chlorobi|No_haem,_no_metal_haloperoxidase|complete|
MSFIETTSKEKGKNINLFYEDYGEGKPVILIHGWPLSHRMWEYQVNAVVDAGFRCIAYDRRGFGESDKPWSNYDYDSLAKDLNDIITNLSLSEVTIVGFSMGGGEVARYIGNYGTSKLSKAALISAVPPFMLKTDDNPDGLEKDVFEGFKEEIKKDRPAFLKGFGKQFVNFEKVGDRISEEMADYYWSIACKGSPNATLECIDSFGLTDFRKDLEKFDVPTLVVHGDADQIVPIKISGKKSAEMISKSEYHVIEEAPHGLVLTHTAEFNKIFTDFLKS

"
5562,,MmarHalNPrx,Bacteroidetes/Chlorobi,Microscilla marina,"No haem, no metal haloperoxidase",complete,Dominique Koua,">5562|MmarHalNPrx| [Microscilla_marina]|Bacteroidetes/Chlorobi|No_haem,_no_metal_haloperoxidase|complete|
MTNVINSAFHPINFPKPTLISVNGIALEVFEAGRQNAGKPIVLCHGWPEHAFSWRHQVPALVAAGYQVIVPNQRGYGNSSCPTEVTDYDLEHLTGDLVALLDHYGYQEATFIGHDWGAMVVWGMTLLHPNRVNKVINLSLPYQERGEKPWIEFMEDVLGNDYYFVHFNRQPGIADAVLEENTSQFLRNLYRKNKPLRAPQPGMEMINLAKAKTPLGEPIMNNSELAVFVSAFETSGFTGSINWYRNLDRNWQLLADVDPVIQQPTLMIYGNHDLIPKFERLPEFVPKVEVISLDCGHWIQQELPEETNRAILKWLEQQEAS

"
5801,,PEspCP01,Bacteroidetes/Chlorobi,Pedobacter sp. BAL39,Catalase peroxidase,complete,Marcel Zamocky,">5801|PEspCP01| [Pedobacter_sp._BAL39]|Bacteroidetes/Chlorobi|Catalase_peroxidase|complete|
MEKESNDISKCPFHNGSMKHNVGGGGTRNHDWWPNQLKLAILRQHSSLSDPMGEDFDYAEAFEKLDLEAVKQDLHALMTDSQDWWPADFGHYGGLFIRMAWHSAGTYRVGDGRGGAGAGLQRFAPLNSWPDNVSLDKARRLLWPIKQKYGRNISWADLMILTGNIALESMGFKTFGFAGGRADVWEADESVYWGSETTWLGGDLRYAHGSPGVDGGGVLVSDDDADGDVHTRDLEKPLAAVQMGLIYVNPEGPDGNPDPVAAAKDIRDTFGRMAMNDEETVALIAGGHSFGKTHGAAPSDNVGKEPEAVDLDMQGLGWNNSYGSGKGPDTITSGLEVTWTTTPTQWSNNFFENLFGFEWQLSKSPAGAHQWVAKNAEPIIPDAYDSTKKHWPTMLTTDLALRFDPSYEKISRRFLENPDAFADAFARAWFKLTHRDMGPRARYLGPDVPEEILMWQDPIPAVDHTLVSDADVAALKAKVLESGLSVSELVSTAWASASTFRGSDKRGGANGARIRLAPQKYWQVNNPSQLQRVLDVLEGIQAAFNAAPEDGRKISLADLIVLAGTAAVEKAAKDAGHDVTVPFSAGRMDASQEQTDVESFGYLEPAADGFRNYRRSKVPVSTEELLIDKAHLLTLTAPELTVLVGGLRVLNINFDGSRHGAFTARPGILSNDFFVNLLDMATVWKAASPDKEVYEGSDRNTGALKWTGTRADLVFGSNSELRAIAEVYASADSQDKFIHDFVAAWNKVMNLDRFDLN

"
5993,,BfrTPx01,Bacteroidetes/Chlorobi,Bacteroides fragilis,Thioredoxin-dependent thiol peroxidase,complete,Christophe Dunand,">5993|BfrTPx01| [Bacteroides_fragilis]|Bacteroidetes/Chlorobi|Thioredoxin-dependent_thiol_peroxidase|complete|
MATTNFKGQPVKLIGEFIQVGKVAPDFELVKSDLSSFALKDLKGKNIVLNIFPSLDTGVCATSVRKFNKMAAGMKDTVVLAISKDLPFAQGRFCTTEGIENVIPLSDFRFSDFDESYGVRMADGPLAGLLARAVVVIGKDGKVAYTELVPEITQEPDYEKALAAVK

"
5997,,BfrTPx02,Bacteroidetes/Chlorobi,Bacteroides fragilis,Thioredoxin-dependent thiol peroxidase,complete,Christophe Dunand,">5997|BfrTPx02| [Bacteroides_fragilis]|Bacteroidetes/Chlorobi|Thioredoxin-dependent_thiol_peroxidase|complete|
MAKTAFKGTPVTLAGEFVKAGTSAPEFTLVKGDLSNYTLKDGKGKYLILNIFPSMDTGVCATSVRKFNQLAANQPNTVVLAISKDLPFAQGRFCTTEGITNVIPLSDYRYTSDFAEKYGVLMTDGPLAGLLARSVVVIDPEGKVVYTELVPEITQEPNYEAALKAVK

"
5998,,BtheTPx01,Bacteroidetes/Chlorobi,Bacteroides thetaiotaomicron,Thioredoxin-dependent thiol peroxidase,complete,Christophe Dunand,">5998|BtheTPx01| [Bacteroides_thetaiotaomicron]|Bacteroidetes/Chlorobi|Thioredoxin-dependent_thiol_peroxidase|complete|
MATTNFKGQPVKLIGEFIQVGKVAPDFELVKTDLSSFSLKDLNGKNVILNIFPSLDTSVCATSVRKFNKMGAGLKDTVVLAISKDLPFAHARFCTTEGIENVIPLSDFRFSDFDESYGLRMADGPLAGLLARAVVVIGKDGKVAYTELVPEITQEPDYDKALAAVKE

"
6000,,PginTPx01,Bacteroidetes/Chlorobi,Porphyromonas gingivalis,Thioredoxin-dependent thiol peroxidase,complete,Christophe Dunand,">6000|PginTPx01| [Porphyromonas_gingivalis]|Bacteroidetes/Chlorobi|Thioredoxin-dependent_thiol_peroxidase|complete|
MSLKIFLTALSVMATVTLQGKININTNGQLPGVGSVAPDFKAVRADLSEVSLSEFKGKRVVINIFPSIDTGVCAASVRRFNQEASSLDNTVVLCLSKDLPFAQARFCGAEGLDKVITVSAFRCDCFEKGYGLLMTDGPLKGLLARAVVVVDENGKIIYEELVPEITQEPNYEAAIAALK

"
6013,,FjTPx,Bacteroidetes/Chlorobi,Flavobacterium johnsoniae,Thioredoxin-dependent thiol peroxidase,complete,Christophe Dunand,">6013|FjTPx| [Flavobacterium_johnsoniae]|Bacteroidetes/Chlorobi|Thioredoxin-dependent_thiol_peroxidase|complete|
MASITLGGNPVHTSGELPAVGSKLADFKLVQNDLSVASLSTFAGKKLVLNIFPSVDTGTCATSVRTFNASASGLENTTVLCISRDLPFAQKRFCGAEGLENVVNLSDFQTGAFGKANGLEIVDGPLAGLHSRAIIVVDADGTITHTEQVAEIANEPNYEAALAAL

"
6203,,RbCP01,Bacteroidetes/Chlorobi,Robiginitalea biformata,Catalase peroxidase,complete,Marcel Zamocky,">6203|RbCP01| [Robiginitalea_biformata]|Bacteroidetes/Chlorobi|Catalase_peroxidase|complete|
MGKDNQAKSKDIHAHTAQDGQAWDVNESSAANCPFLNGELHQAAGGGTTNRDWWPNSLNLNILRQHSELADPMDKDFNYAEAFKSLDLEAVKKDLRELMTDSQDWWPADYGHYGPFFIRMAWHAAGTYRISDGRGGGGTGAQRFAPLNSWPDNANLDKARMLLWPIKQKYGKKLSWADLLILTGNVAHESMGLPMYGFAGGREDIWQPEEDIYWGSETEWLGNKERYNEDGELERTMGAAHMGLIYVNPEGPNGKPDPEAAAHDIRVTFGRMAMNDYETVALIAGGHTFGKTHGAAPDTEYLEAEPAGANIEMQSLGWKNNFGSGMGSDTITSGLEGAWTDTPIQWSHKYLENLFNYEWELTKSPAGAWQFKPKDGAGAGTVPDAHDPEKKNDPFMLVTDLALRMDPDYEKISRHFLENPEEFKEAYQKAWFKLTHRDMGPKSRYLGPEVPEEDLIWQDPIPAADFDLIDQQDIESLKAEILDSGLTVSQLVGAAWASASTFRGSDKRGGANGGRVRLEPQVQWEVNNPVQLGKVLDGLTKIQKAFNDSQSGNKQVSMADLIVLGGCAAVEKAAKDAGHDIRVPFTPGRTDATQEMTDVEAFDHLRPVADGFRNYQQQKFSARTEELLVDKAQLLTLTAPEMTVLVGGMRALNANYNGSKHGVFTERPEVLTNDFFVNLLDMRTTWKAVSEDEEFFEGRDRKSGNVKWTATRADLIFGSNTELRAIAEVYACSDSGEKFVRDFVKAWDKVMNLDRFELA

"
6253,,GfoCP01,Bacteroidetes/Chlorobi,Gramella forsetii,Catalase peroxidase,complete,Marcel Zamocky,">6253|GfoCP01| [Gramella_forsetii]|Bacteroidetes/Chlorobi|Catalase_peroxidase|complete|
MGNNKSGSEDNHKVWEVNESSKCPFMGGALNKTAGKGTSNRDWWPNQLNLNILRQNSSLINPMDDGFNYAEAFKSLDLNAVKQDIYDLMTNSQDWWPADYGHYGPFFIRMAWHSAGTYRIGDGRGGAGSGQQRFAPLNSWPDNANLDKARLLLWPVKKKYGKNLSWADLLVLAGNCAHESMGLKMFGFAGGREDVWEPAQDVYWGAETEWLNNDERYAGEELENPLGAAHMGLIYVNPEGHNGNPDPVEAASYIRETFGRMAMNDYETVALIAGGHTFGKTHGAADAEEYVEAEPAAAGIESQGLGWKNTFGTGNGADTITSGIEGAWTDTPTKWSNKYFDNLFKYDWECIKGPGGAYQWQPKDNAGAGTVPDAHDPDKKHAPFMLTTDLSLKMDPEYEKISRHFYENPDEFADAYSRAWFKLTHRDMGPIERYLGPEVPKEELLWQDPIPKVDHEIINDSDIASLKNKILNTGLSVQELVTTAWGSASTFRGSDKRGGANGGRIRLAPQNGWEVNNPKQLGKVIDTLEKIQQDFNESQSGSKKVSIADLIVLAGCVGVEKAAKTAGHELKVPFSPGRADASQEQTDVEAFEPLEPNADGFRNYFRNRDHVSASAEELLVDRAQLLTLTVPQMTVLLGGMRAMGANYDGSKKGVFTDRPGQLTNDFFKNILEMGLTWKSSSDSETEFDGSDRKTGDVKWTGSRADLIFGSNSELRAIAEVYGTDDVEAKFVKDFVKAWDKVMNLDRYDLK

"
6255,,CatCP01,Bacteroidetes/Chlorobi,Croceibacter atlanticus,Catalase peroxidase,complete,Marcel Zamocky,">6255|CatCP01| [Croceibacter_atlanticus]|Bacteroidetes/Chlorobi|Catalase_peroxidase|complete|
MDNNNSNVWDINDPSAVAKCPFLGGAQSNTAGHGTTNRDWWPNELKLNILRQNSSKSNPMGSDFNYKEAFNSLDYAKLKQDVIHLMTDSQDWWPADYGHYGPFMIRMAWHSAGTYRIGDGRGGASSGTQRFAPLNSWPDNGNLDKARLLLWPIKKKYGNKISWADLMILAGNCALESMGFKTFGFAGGREDIWEPEQDIYWGSETEWLGNEERYADGDLEAPLGAAHMGLIYVNPEGPNGNPDPLGSAKDIKETFGRMAMDDEETVALIAGGHTFGKTHGAADPDKYVGAEPHGAPIEEMSTGWKNTYGTGVLDDTITSGLEGAWTPNPTQWDHDYFEVLLNYDWELSKSLAGAHQWIPTKASNARMAPKAGDANAKQGLMMSTADMALKMDPDYLKISKKFHTDHKAFEDAFARAWYKLTHRDMGPISRYLGPEVPQEELLWQDPLPASNFTPSEEDVNSLKSAIANTELSVSELVSTAWASASTFRGSDKRGGANGSRIRLAPQNRWEVNNPEQLHKVLNVLKGIQNDFNTNGKDVSMADLIVLAGSVGVEKAAEKAGHSVTVPFTGGRTDASQEQTDIDSFGYLEPQADGFRNFIKDNQKAAAEDLLVDRAQLLTLSIPEMTVLVGGLRVLGANYNGSNYGVFTDRKEALTNDFFTNLLDFTYTWKATTDDDTIFEGSDRRTGDKKFEATRADLIFGSNTELRAIAEVYGTEDAEEKFVKDFIDAWTKVMNLDRFDL

"
6280,,PEspKat01,Bacteroidetes/Chlorobi,Pedobacter sp. BAL39,Catalase,complete,Marcel Zamocky,">6280|PEspKat01| [Pedobacter_sp._BAL39]|Bacteroidetes/Chlorobi|Catalase|complete|
MAKKQTPPKEGTEAVIDKKLTPQPENIKTEKLEPHTATATGAPMTTNHGVKINDDQNSLKAGERGATLLEDFILREKITHFDHERIPERIVHARGSGAHGIFKLYESQSAFTKAAFLNDTTVETPVFVRFSTVAGSRGSTDLARDVRGFAVKFYTEEGNFDLVGNNMPVFFIQDAIKFPDLIHAVKPEPDNEIPQAASAHDTFWDFISLMPESAHMIMWAMSDRALPRSYRMMEGFGVHTFRLINETNESFFVKFHWKPLLGVHSVAWDEAQNISGKDPDFHRRDLWDAIEAGAFPEWELGLQIIPEADEFKFDFDLLDPTKLIPEELVPVQRIGKMTLNRNPDNFFAETEQVAFHVGHIVPGIDFSNDPLMQGRLFSYTDTQLIRLGGPNFHEIPINRPIIPVHNNQRDGHMRQTINRGKTSYSPNTLGDNDPAQVKVADGGFSSYQERIDAKKVRARSKSFFDHFSQARLFLNSQSAPEKNHLIDALTFELGKVKTVAIRERMLGILSQIEEQLAKQVAYGLGLSVPKKPEQPMNKSIPADGDPADYQPLIVESKLKKSEALSMANTVKDSIKSRKIAVLAADGVNSSSVTHLKSALEGAGAVVEIIAPRLGFISGTDGDKINVDQSFLTAASVLFDAVYVPGGTDSVAAVAAEANAIHFLNEAFKHCKAIAADESALPVLKVTYFHDKLPKDKNAAGQTKDGIIVGTDPAKLGKEFIEAIAQHRFWEREPARLVPA

"
6288,,FjKat01,Bacteroidetes/Chlorobi,Flavobacterium johnsoniae,Catalase,complete,Marcel Zamocky,">6288|FjKat01| [Flavobacterium_johnsoniae]|Bacteroidetes/Chlorobi|Catalase|complete|
MKNFQDEKQRDLLINKSDGTNKFLTTDQGVKINDDNNSLKAGERGPSLLEDFILREKITHFDHERIPERIVHARGSGAHGFFEVTNPIPELTKAGFLQEKGLKTPVFTRFSTVAGSRGSTDLARDVRGFSVKFYTQEGIYDLVGNNVPVFFIQDASKFPDLIHAVKPEPHNEIPQAASAHDTFWDFISLMPESMHMIMWAMSDRAIPRSYRMMEGFGVHTFRLINEAGESVFVKFHWKPKLGTHAVAWDEAQKISGKNPDFHRQDLWEAIEAGNFPEWDLGVQIIPSEDENKYEFDLLDPTKLVPEELVPVTIIGRMVLNKNPDNFFAETEQIAFHPGHVVPGIDFTNDPLLQGRLFSYTDTQLSRLGSPNFHEIPINRSVAPVHNNQRDGHMRQEINTGRVSYHPNSLGGGCPYQAKIAEGGFASFNERIDAHKIRERSESFNDHFGQAKLFFNSQTPAEKSHIVKALRFELGKVETTAIRIRMLGLLSQVDQELAEKVAIGLGATVPPVLEKPLNHGVSPENENGKQESTTVEQSVKSSDALSMLKNPVNSPTIASRKVAIICADGVSEAAVSNMKKALLQEDAKGCIVAPHLGAVISDTDGEIHADFSFLTASSVLFDAVYIPDGVGLTVLAESDEVNEFLSDAYKHCKVIGADGRAVSILSAANFASKITNDDEGLIVTKEAASEKFAKDFIQAMGKHRFWEREPNLYN

"
6805,,ChDyPrx,Bacteroidetes/Chlorobi,Cytophaga hutchinsonii,DyP-type peroxidase C,complete,Marcel Zamocky,">6805|ChDyPrx| [Cytophaga_hutchinsonii]|Bacteroidetes/Chlorobi|DyP-type_peroxidase_C|complete|
MNESVELHDVQGIIIKGYDKLKAATFLLLEITDSTKTKQWLASQLPMVTHADISTKTITTAVQLAFTYSGVAALNVPAEALKTFPPEFIEGMVTEHRSRMLGDLEDSAPDKWKWGGTEKDFYSIHLLLMLYATDDSTLQHFYTEQKNTLDAAGLKIAYQLETSKLPKEKEHFGFRDGIAQPVMRGINHTSDNEANLIKPGEFLFGYQNEYEKYMFSPTVAPENDPANILPADMNNPLLKDLGRNGSMLVFRQLEQNVKAFWAMAERAAKEQNTHDDPVTPEYIASKMLGRWPNGSPLTKCPMEPDASKETFDNFGYAKHDYDGLKCPIGAHIRRANPRDNFLRDSTGDQEKDIEKSMKFMKRFRIIRRGRSYGAPLVESMEPKDIIQAAEDHKERGLYFLCFNSNIGRQYELIQQTWINNPKFAGLYEDPDPMIGYPGIMGDGATTTFTEQAVPVRKQVRGITRFVNVKGGGYFFMPGLNALKYISSL

"
6980,,PhepCP01,Bacteroidetes/Chlorobi,Pedobacter heparinus,Catalase peroxidase,complete,Marcel Zamocky,">6980|PhepCP01| [Pedobacter_heparinus]|Bacteroidetes/Chlorobi|Catalase_peroxidase|complete|
MENNPNDISKCPFHNGSMKHNVGGGGTRNKDWWPNQLKLNILRQHSSLSNPMDKDFNYAEAFKSLDFAALKKDLHALMTDSQDWWPADFGHYGGLFIRMAWHSAGTYRVGDGRGGAGAGLQRFAPLNSWPDNVSLDKARRLLWPVKQKYGRNISWADLMILTGNVALESMGFKTFGFAGGREDVWEADESVYWGAETTWLGGDLRYAHGSPGVEGDGVLVTDDNADGNIHSRNLEKPLAAVQMGLIYVNPEGPDGNPDPIAAAKDIRDTFGRMAMDDEETVALIAGGHSFGKTHGAASADHVGKEPEAVDIEMQGLGWRNSYGTGKGADAITSGLEVIWTKTPTQWSNNFFENLFGFEWELSKSPAGAQQWVAKNAEAFIPDAFDGSKKHRPTMLTTDLSLRFDPAYEKISRRFFENPDAFADAFARAWFKLTHRDMGPRERYLGPEVPQEELIWQDPIPAVNHVLINENDIAALKAQVLESGLSIAELVSTAWASASTFRGTDKRGGANGARIRLAPQKYWQVNNPPQLQKVLNILEGIQKEFNTAQTAGKKVSLADLIVLAGCAGVEKAATTAGYAITVPFIPGRMDASQEQTDVESFGYLEPAADGFRNYRKSKIPVSTEELLIDKAHLLTLTIPELTVLLGGMRVLDTNFDASKHGIFTSKPGQLSNDFFVNLLDMNTVWKAASADREVYEGRDRNTGEIKWTGTRADLVFGSNSELRAVAEVYGSSDSRQKFITDFVFAWNKVMNLDRFDLG

"
6981,,CHpiCP01,Bacteroidetes/Chlorobi,Chitinophaga pinensis,Catalase peroxidase,complete,Marcel Zamocky,">6981|CHpiCP01| [Chitinophaga_pinensis]|Bacteroidetes/Chlorobi|Catalase_peroxidase|complete|
MEKELNDISKCPFHNGTLKHNTGGGGTRNRDWWPNQLKLNILRQHAPASNPLGGDFNYAAAFKSLDLEAVKKDLHALMTDSQDWWPADFGHYGPLFIRMAWHSAGTYRVTDGRGGAGSGQQRFAPLNSWPDNVSLDKARRLLWPIKQKYGRSLSWADLLILTGNVALESMGFKTFGFAGGREDKWESEEDVYWGAETTWLGGDIRYAHGSEGVPKEHGVVSSDDDADGDIHSRDLEKPLAAVQMGLIYVNPEGPDGNPDPIAAAKDIRDTFGRMAMNDEETVALIAGGHSFGKTHGAAPSSHVGKEPEAAGLESQGLGWNNSYGSGKGADTITSGLEVIWTTTPTQWSNNFFENLFNFEWELTKSPAGAHQWVAKNADDIIPDAYDSSKKHRPTMLTTDLSLRFDPVYEKISRRFLEDADAFADAFARAWFKLTHRDMGPRVRYLGPDVPEEVLLWQDPIPATDHPLIDENDIAALKAKVLESGLSVSELVSTAWASASTFRGSDKRGGANGARIRLAPQRYWKVNNPSQLQKVLDVLEGIQKAFNNGGKKVSIADLIVLAGAAGIEKAAKDAGQTLTVPFTPGRGDASQDQTDVESVGFLEPVADGFRNYRKSRVPASTEALLIDKAQLLTLTAPELTALTGGLRVLNTNYNGGSEGVFTKRPGVLTNDFFVNLLDMKTAWKAVSADQELFEGTDRTSGEVKWTATRADLVFGSNAELRAIAEVYGAGDGQELFIKDFVAAWNKVMNLDRFDLAK

"
6982,,DferCP01,Bacteroidetes/Chlorobi,Dyadobacter fermentans,Catalase peroxidase,complete,Marcel Zamocky,">6982|DferCP01| [Dyadobacter_fermentans]|Bacteroidetes/Chlorobi|Catalase_peroxidase|complete|
MENGSNDISKCPFHNGTMNHNVGGGGTRNRDWWPNQLKLNILRQHSSLSSPMGEDFNYAEAFKSLDLEAVKTDLHALMTDSQDWWPADFGHYGPLFIRMAWHSAGTYRVFDGRGGGGSGQQRFAPLNSWPDNVSLDKARRLLWPIKQKYGNKISWADLLILAGNIALESMGFKTFGFAGGRADVWEADEDVYWGSENTWLGNDRRYAHGQPGLAEPGVLVSDEDAGGTTHSRNLEEPLAAAHMGLIYVNPEGPDGNPDPIAAAKDIRDTFGRMAMNDEETVALIAGGHSFGKTHGAASSDHVGAEPEGADLENQGLGWSNSFGTGKGAHTITSGLEVTWTTTPTQWSNNFFENLFAFEWELTKSPGGAHQWVAKDAGEIIPDAYDGSKKHRPTMLTTDLSLRFDPAYEKISRHFLENPDAFADAFARAWFKLTHRDMGPRARYLGADVPQEVLIWQDPVPAVDHDLVTDSDIAGLKANILASGLTVPELVATAWASASTFRGSDKRGGANGARIRLAPQKDWKVNNPAQLQKVLRTLESIQQEFNATTGGRKISLADLIVLAGSAAVEKAAQDAGHAVTVPFTPGRTDASQEQTDVESVGHLEPIADGFRNYRGTKFKVSTEELLIDKAQLLTLSAPEMTVLLGGLRVLNINFDGSKHGVFTQRPGVLTNDFFVNLLDMNTAWKAMGDDRETYLGSDRASGQPKWTASRADLVFGSHAELRAIAEIYASADSGAKFAKDFVAAWTKVMNLDRFDLV

"
6984,,CgleCP01,Bacteroidetes/Chlorobi,Chryseobacterium gleum,Catalase peroxidase,complete,Marcel Zamocky,">6984|CgleCP01| [Chryseobacterium_gleum]|Bacteroidetes/Chlorobi|Catalase_peroxidase|complete|
MEKDLNDISKCPFHNGTMKKNNVAGGGTKNSDWWPDQLRVDLLRQHSSLSDPMDKDFDYAKAFESLDLEAVKKDLHALMTDSQDWWPADFGHYGPLFIRMAWHSAGTYRVGDGRGGAGAGQQRFAPLNSWPDNVSLDKARRLLWPIKQKYGKNISWADLLILTGNVALESMGFKTFGFAGGRADVWEPHSDVYWGSEKTWLGGDLRYAHGSEGVVEGQSAVLPTDDNADGDIHSRNLENPLAAVQMGLIYVNPEGPDGNPDPIAAAKDIRDTFGRMAMNDEETVALIAGGHTFGKTHGAGPADHVGKEPEGAGIELQGLGWASTYKSGSGRDAISSGLEVTWTETPTQWSNYFFKNLFENEWELTKSPAGAHQWVAKDGAEIIPDAFDSSKKHKPTMLTTDLSLRFDPVYEKISRHFYENPDAFADAFARAWFKLTHRDMGPRARYLGPEVPQEELIWQDPIPKVDHELIDENDAEALKSKILNSGLSISELVSTAWASASTFRGSDKRGGANGARIRLEPQRNWEVNNPSQLNKVLGVLEGIQKEFNDSQSGGKKISLADLIVLAGNAAVEVAARNAGQDVKVPFAPGRMDALQEQTDVESMGYLEPAADGFRNYLKRKYTVSTESLLIDKAQLLTLTAPELTVLIGGMRALDTNFDGSKHGIFTNRPGVLTNDFFVNLLDMSTQWKAMSDDKELYIGSDRSTGQPKWTATRADLVFGSNSELRAVAEVYGSSDAQSKFVKDFVAAWTKVMNLDRFDLV

"
7193,,BBFL7CP03,Bacteroidetes/Chlorobi,Flavobacteria bacterium BBFL7,Catalase peroxidase,complete,Marcel Zamocky,">7193|BBFL7CP03| [Flavobacteria_bacterium_BBFL7]|Bacteroidetes/Chlorobi|Catalase_peroxidase|complete|
MINTFIKNTLMENFKNSNGSNGDSQAKCPFSSEIVKKAAGGGSRNHDWWPNQLNLNVLRQHSSLSNPMDKDFDYKKEFESIDFDALKADIFELMTESQDWWPADYGHYGPLFIRMAWHSAGTYRIADGRGGAGAGTQRFAPLNSWPDNANLDKARLLLWPIKQKYGKKVSWADLMILAGNCALESMGFKTFGFGGGRTDVWEAEEDIYWGVEGEWLGDQRYTEDRELENPLAAVQMGLIYVNPEGPNGKPDPLASAVDIRETFGRMAMNDEETVALIAGGHTFGKTHGADNPDVYVGAEPAGARIEEQGLGWKNTLGSGNGVNTITSGLEGAWTTTPTQWSNNYFENLFGFEWELTKSPAGAHQWKPKSGGGAGTVPDAHDASISHAPTMLTTDIALREDPAYEAISRRFYENPDEFADAFARAWYKLTHRDMGPHSLYLGPEVPKEELIWQDPIPVRSTQLIDNKDIADLKAKILASGLSVSELVSTAWASASTFRGSDKRGGANGARICLAPQKDWEVNNPVQLNKVISALEAIKNDFNSASSGGKEVSMADLIVLAGSVAVEKAAKNAGHDVSVPFSPGRTDATQAQTDAESFAALEPNADGFRNYLRNKYKASEEELLVDRAQLLTLSAPEMTVLMGGLRVLNTNYDQSKRGVFTSQPEALTNDFFVNLLDFGTTWSAVSDSENLFEGKDRKTGAVKWSASRSDLIFGSNSELRGIAEVYACSDSEGKFISDFVSAWTKVMNLDRFDLA

"
7232,,RmaKat,Bacteroidetes/Chlorobi,Rhodothermus marinus (Rhodothermus obamensis),Catalase,complete,Marcel Zamocky,">7232|RmaKat| [Rhodothermus_marinus_(Rhodothermus_obamensis)]|Bacteroidetes/Chlorobi|Catalase|complete|
MEARKAPRLTTADGRPIGDNQNALTAGPRGPLLIQDVQLLEQIQHFNRERIPERVVHAKGSGAYGTFTVTNDVTRYTKAAFLSEVGKQTEVFVRFSTVAGERGAADAERDVRGFAVKFYTEEGNFDLVGNNTPVFFVRDPYKFQMFIHSQKRHPKTNLRDPDMQWDFWSLCPESLHQVTILFSDRGIPASYRHMNGYGSHTYSMYNDRGELFWVKFHFKTQQGIKCLTDEEAARLIGEDRETHQRDLYEAIERGDYPRWTLYIQVMTPEQAENFRWNPFDLTKVWPHAEFPLIEVGVLELNRNPENYFAEVEQAAFKPSAFVPGIGPSPDKMLQARLMSYADAHRYRLGVNYQQLKVNRPRCPVHHYQRDGFMAQIEGSGHPNYFPNSIPGSPQDDPIYKEPAWHLGEVIVDRYDSRKDHDDYTQAGNLYRLFDEGQKDRLARAIAASLGQARLEVQKRQLGHFYRADVDYGRRVARALGFDPAAIEAELGIDASVAG

"
7254,,SpliKat01,Bacteroidetes/Chlorobi,Spirosoma linguale,Catalase,complete,Marcel Zamocky,">7254|SpliKat01| [Spirosoma_linguale]|Bacteroidetes/Chlorobi|Catalase|complete|
MSTEQNKTNTNAKLDELDMNREDSSGQFLTTNQGLRVNDDQNSLKAGPRGATLLEDFILREKITHFDHERIPERIVHARGAAAHGYFQAYEPQPELTKAKFLLDPSVQTPVFVRFSTVAGSRGSTDLARDVRGFAVKFYTEEGNFDLVGNNIPVFFIQDAIKFPDLIHAVKPEPNNEIPQAASAHDTFWDFISLTPESMHMVMWVMSDRAIPRSYRMMEGFGVHTFRLINANGKSRFVKFHWKPLLGVHSVVWDEAQLISGRDPDFHRRDLWDAIEGGAYPEWELGVQVVEEEDEHKFDFDLLDSTKLIPEELVPIVRLGKMTLNRNPDNYFAETEQVAFHLGHVVPGIDFSNDPLLQGRLFSYTDTQLKRLGGPNFHEIPINRPIAPVHNGQRDGHMRQTINVGRTSYGPNAINGDSPAQATEAEGGFVSHAERIDANKVRARSKSFMDHYNQAKLFWNSQSPTEKTHIVKALRFELGKVVVEDIRKRMLIHLSQIDTTLATLVGEGLGLEVPSAEGVQLNKSVPADANPADYQSEPAKSTVGSSAALSMAHPPKKGIKTRQVAILAADGVDATQLKSMMNALSAEKAIIGIVAPRVGMLKTSGGETIKIDASLQTTASVLFDAVYVPGGQSSVKSLLQEPDAIRFIHEAFMHCKALAATGEGADLLQAAANGGAESLLSSEGVITSSDTGSEVPQKFIDAIEQHRFWSREKKLV

"
7255,,PhepKat01,Bacteroidetes/Chlorobi,Pedobacter heparinus,Catalase,complete,Marcel Zamocky,">7255|PhepKat01| [Pedobacter_heparinus]|Bacteroidetes/Chlorobi|Catalase|complete|
MEKKKPNAENAVNLKQKDLAPDTISDQGELMTTNQGLKINDDTNSLKAGERGPSLLEDFILREKITHFDHERIPERIVHARGSGAHGYFQVYESMGKYTKAGFLQDPSVKTPVFVRFSTVAGFRGSTDLARDVRGFSVKFYTQEGNYDLVGNNMPVFFIQDAIKFPDLIHAAKPEPDNEIPQAATAHDSFWDFISLSPESMHMIMWAMSDRAIPRSLRMMEGFGVHTFRFINAEGKSSFVKFHWKPILGMHAVAWDEALKISGKDPDFHRRDLHDAIESGAFPEWEFGVQIVAQEDEHKFSFDLLDPTKLIPEELVPVQRIGKMVLDRNPDNFFAEVEQVAFHPGHLVPGIDFSNDPLLQGRLFSYTDTQLSRLGSPNFHEIPINRSVNTVHNNQRDGHMRQQINVGKSSYHPNSVAGGSPAQATIAEGGFSSYEERVDAHKVRARSKSFMDFFSQATLFFNSQSEPEQNHIADALKFELGKVERVEIRQRMVNLLTLISVPLANTVADSLGLKAGKPQEPVNHVLGADANPADYKPVKVKSEIEKSPALSMANAPKDSIKTRQVAFLAANGVESTDFENMKKALLAAGAVVKVVAPKNGTLKDSAGKEIKIDMSFLTGTSVVFDAVYVPGGGKSIDALLAEPDAVHFINEAYRHCKAIAATGKGAELINQSYVGAKLKNGNADAKAGILTEAAPDAFIKAIAQHRFWQREKKDKVPA

"
7256,,CHpiKat01,Bacteroidetes/Chlorobi,Chitinophaga pinensis,Catalase,complete,Marcel Zamocky,">7256|CHpiKat01| [Chitinophaga_pinensis]|Bacteroidetes/Chlorobi|Catalase|complete|
MPDKKKTPIPSTENKKIAELSPNKEDSTGQDLNTNTGVKISDDHNSLKAGDRGPTLMEDFIFREKMTHFDHERIPERVVHARGSAAHGVFKVYESMEKYTKAGFLTDTSRETPVFVRFSTVAGSRGSTDLARDVRGFAVKFYTDEGIFDLVGNNMPVFFIQDATKFPDLVHAVKPEPHNEIPQAASAHDTFWDFISLMPESTHMIMWLMSDRAIPRSYRMMEGFGVHTFRFVNANEESCFVKFHWKPLLGVHSVAWDEAQKISGKDPDFHRRDLWEAIESGNFPEWELGVQIVPEADEHKFDFDLLDATKIIPEELVPVQRIGKLTLNRNPDNFFAETEQVAYHIGHVVPGIDFTNDPLLQGRLFSYTDTQLIRLGGPNFQEIPINRPVVPVHNNQRDGYMRQTINKGRTSYSPNSLGGGYPSQVKAADGGFRSYTEKIDARKIRERSRSFFDHYTQATLFFNSQSAPEKQHLIDALRFELGKVDTVAVRQRMIGILTQVDKDLAAQVAYGLGLEVPAGPEQPVNHGVPADADPAHYEPFPPKEPVPDISLALSMANTVKDSIQTRKIGFLAADGVDAASVNAAKSALEAAGAVVEIIAPHLGEIVAADGSLIPVQKSLLTASSVFYDALYVPSGPTSSGTLEADADAVHFLNEAYRHCKAIAAHADARQVLEATYFAKKLPEDDSEESALMEGVVVQEDVKKLSKIFISAIALHRFWEREKPRRVPA

"
7258,,DferKat01,Bacteroidetes/Chlorobi,Dyadobacter fermentans,Catalase,complete,Christophe Dunand,">7258|DferKat01| [Dyadobacter_fermentans]|Bacteroidetes/Chlorobi|Catalase|complete|
MAKRKAQQNPAVDQPENDKIRSLEPHMEDSTGELMNTNTGVRINDDQNSLKAGDRGASLLEDFILREKITHFDHERIPERVVHARGSGAHGFFKLYEPLGQYTKAQFLNDTSIETPVFVRFSTVAGSRGSTDLARDVRGFAVKFYTQEGNFDLVGNNMPVFFIQDAIKFPDLVHAVKPEPDNEIPQAASAHDTFWDFISVMPESAHMIMWLMSDRAIPRSYRMMEGFGVHTFRLINAEGVSHFVKFHWKPLLGVHAVAWDEAQNISGKDPDYHRRDLWDAIESGNFPEYELGLQIVPEADEFKFEFDLLDPTKIIPEELVPVIKVGKLTLNRNPENFFAETEQSAFHIGHVVPGIDFTNDPLLQGRLFSYTDTQLIRLGGPNFQEIPINRPIVPVHNNQRDGYMRQTINRGKISYGPNSLGDNYPLQAKASEGGFTSYPERIDARKIRARSKSFLDHFSQARLFFNSQSDPEKNHMIEAFSFELGKVQSVEVRQRMLGILSMVDKGLAAEVAFSLRLSVPEDPELPVNRSIPADGDPADYDPVMVEGSLAASAALSMANSPKDSIKTRKIAFLAADGVDSNSLNTVKAALEAEGAIVEVIAPRLNYVLSTTDEEIHVHHSFLTAASVLYDAVFVPGGTNSVATVEADADAVHFLNEAFKHCKAIAADAGAMQVIEATYFAKKIPAEFSDEAVLLDGIVISDDPATLARRFITAIAQHRFWEREKPRKIPA

"
7261,,GfoKat01,Bacteroidetes/Chlorobi,Gramella forsetii,Catalase,complete,Christophe Dunand,">7261|GfoKat01| [Gramella_forsetii]|Bacteroidetes/Chlorobi|Catalase|complete|
MKEDKGNAKQKDMQQNTSDAEGKTMTTNQGLKVNDTNNSLKAGERGATLLEDFILREKITHFDHERIPERIVHARGSAAHGYFELYESQEKYTKAGIFTDTKRKTPVFTRFSTVAGSKGSADMARDVRGFAVKFYTEEGIFDLVGNNMPIFFIQDAMKFPDLIHAVKPEPHREIPQAASAHDTFYDFVSRTPETLHNHIWVMSDRAIPRSLRMMEGFGIHTFRLINKEGKSHFVKFHWKPLLGVNSVTWDEAVKLHGADSDFHRRDLWDAIDSGQFPEWELGIQVVPEEDEHKFDFDLLDPTKLIPEEMVPVQRIGKMTLNRNPDNFFAETEQVAFHPGHIVPGIDFSNDPLLQGRLFSYTDTQLSRLGSPNFHEIPINRPVNPTHNNQRDGHMRMTVNKGNTAYFPNSMSGGCPHLAKMAEGGFTSYEERIDANKVRARSESFSDHFSQPGIFYRSLKDWEKNHVAEAYSFELGKCNHDYIKERMLWLINNIDEDLAKKVADNLGLKIPSKIEKPVNQAIGADDDGKKNEPQKRKDYIEKSEALSQTHIKADSIATRKIAFLVGDGFDAENVGSMKEALEKKNAVVNLVATHGGKVKCSKGEMHKVDAALMTTESVAFDALYIPGGSKSVKALKDSAKAKKFINESLKHCKAIAVDSEGEELFDETFGKDFKDDDAICINKKPADFIKAIGMHRNWNREEKAKMIPA

"
7262,,FbKat01,Bacteroidetes/Chlorobi,Flavobacteriaceae bacterium,Catalase,complete,Christophe Dunand,">7262|FbKat01| [Flavobacteriaceae_bacterium]|Bacteroidetes/Chlorobi|Catalase|complete|
MKVNEQEPFANGANPKIEQLGKYKNSDHGEFMTTDHGVKINDDQNSLLGGERGPSLLEDFIFREKMTHFDHERIPERIVHARGSGAHGYFQLYKPMGKYTKAKFLNDTTIKTPVFVRFSTVQGSRGSTDLPRDIRGFATKFYTQEGNYDLVGNNTPVFFIQDAMKFPDLVHALKPEPDNEIPQAASAHDTFWDFISLMPEAMHNIMWLMSDRAIPRTYRAMEGFGIHTFRFINEEGQSHFVKFHWKPLQGVLGLAWDEAQRLSGKDNDFHRRDLWDAIENGMYPEWELGVQIVPQEDEHKFPFDLLDATKMIPEEMVPVEIIGKMTLNKNPDNFFAETEQIAFHPGHIVPGIDFTNDPLLQGRLFSYTDTQLSRLGGPNFHEIPINRSIPDVTNNQRDGLHRMQIPKGKVSYHPNSMAQGCPFQAMMKEGGFTSFEERIDSRKIRNRSRSFFDHFSQPTLFYNSLTDHEKRHVQNAFSFELGKVKLVPIRQRMVNMLLEVDKELANKVGDHLGLVPERLPQPITDSIPADGKLEDYHSFKAELPISEAPSVSMATKLPQNIKARRIAILTADGVSDEAFTKVKKVLCEMDALVQIIAPRHGFVTTASGDQYPVDDSLLTTASVIFDAVYIPGGDSVKTLMEHAGAIHFVAEAYKHCKPFGADGNGVDLLQKAIPKLTLPADGIVTEGDLDLFTASIILHRFWDREMNPLPA

"
7265,,CatKat01,Bacteroidetes/Chlorobi,Croceibacter atlanticus,Catalase,complete,Christophe Dunand,">7265|CatKat01| [Croceibacter_atlanticus]|Bacteroidetes/Chlorobi|Catalase|complete|
MSDKENLQPDSNSKTDQLSSYTKDSEGKNLTTNQGLKVNDTNNSLKAGERGSTLLEDFLLREKITSFDHERIPERIVHARGSAAHGHFELYKSIEKYTKAGLFTDTSKKTPVFVRFSTVAGSKGSPDLARDVRGFAVKFYTEEGTWDLVGNNMPIFFIQDAMKFPDLIHSVKPEPNNEIPQAASAHDTFYDFVSHAPETLHNHIWAMSDRAIPRSYRMMEGFGIHTFRFINKEGKSHFVKFHWKPVLGVHSVTWEEAVKINGVDADFHRRDLWEAIEAGQYPEWEFGIQVVPEEDEHKYDFDLLDPTKLIPEDMVPVEIVGKMTLNRNPSNFFAETEQVAFLPGHIIPGLDFTNDPLLQGRLFSYRDTQLSRLGSPNFHQIPINRPVTPAHNNQRDGHMQTEIPKGQTAYFPNTLGGGCPHLAKMAEGGFTSYEERIDAKKVRTRSESFSDHFSQPALFYRSLEEWEKKHVANAYSFELGKCNQKHIKERMLWLINQIDEDLANTVSENLGLSIPDDIEQPINQSIGADADVEKFQPSAKKVYLEKDKSLSQAHTKFDSIATRQIAVLAANGFSMDDFKTFTDALEDEGAVCKIIAPHGGTIKCDQDMDHEVDAAISTTESVLFDAIFVPGGKDSVDKLLKTGKYSKFISEAFKHCKAIAVCNEGEELLKNSYIKSYDDDKAVFVNGKPKNFIDAIAQHRNWDRMEAASDIPV

"
7267,,CgleKat01,Bacteroidetes/Chlorobi,Chryseobacterium gleum,Catalase,complete,Christophe Dunand,">7267|CgleKat01| [Chryseobacterium_gleum]|Bacteroidetes/Chlorobi|Catalase|complete|
MNMKTNEHNKKAEQLDLHSTSNENEKLTTNQGLKINNNQDSLKAGERGPSLLEDFILREKITHFDHERIPERVVHARGSGAHGIFKLTKSLAEYTKAKFLTELGKETPVFVRFSTVAGSKGSTDLARDVRGFAVKFYTEEGNYDLVANNMPVFFIQDAIKFPDLVHAVKPEPDNEIPQAASAHDTFWDFISLMPESMHMIMWLMSDRAIPRSLRMMEGFGVHSFKFINEAGKVHFVKFHFKPRLGVHSVAWNEAQMISGVDPDFHKRDLWEAIENGDYPEWDFGVQLIPEEDEHKFDFDLLDPTKIVPEEEVPVEIVGTLTLNKNPDNFFAETEQVAFHPGHIIPGIDFTNDPLLQGRLFSYTDTQLSRLGSPNFHEIPINRSLNTVHNNQRDGHMRQQIVKGKSSYEPNSIGGGCPFQAMMSEGGFTSQQERVSGVKIRERSKSFVDHYSQAKLFYNSQSTPEKMHLQNALIFELSKVTRPEIRERLVGQLAYIDMSLAWSVAEKLGVEVKKLEWSNQSLPADSNIIELQSEEREPDTKVSGALSMAHTVKNTIKSRKIGFILANGADGGAVNDLKTKLEAEGARVELIAPSVAPVRLNDGSELIPKHSLTSIASVCFDALAICPGEEAVKELMTSENKHQVLHFINEAYKHCKAIYFGKDTEVLYQNSNVATKQHEDPGIITWEDGNPADKFIQAIAQHRVWDLETERNA

"
7332,,SpliCP01,Bacteroidetes/Chlorobi,Spirosoma linguale,Catalase peroxidase,complete,Marcel Zamocky,">7332|SpliCP01| [Spirosoma_linguale]|Bacteroidetes/Chlorobi|Catalase_peroxidase|complete|
MGDHIYPSESSDTKSYNVNGESKCPFTGATAKQSAGSGTRNRDWWPNQLKLNVLRQHSPLSNPMDKAFNYAEAFKSLDLNAVKNDIFDLMTTSQDWWPADYGHYGPFFIRMAWHSAGTYRIADGRGGAGSGTQRFAPLNSWPDNANLDKARLLLWPVKKKYGRKISWADLMILAGNCALESMGFKTFGFAGGREDVWEPEEDIYWGAETEWLGDKRYSGDRELENPLAAVQMGLIYVNPEGPNSRPDPLASARDIRETFGRMAMNDEETVALIAGGHTFGKTHGAADPGQYVGAEPAGAGIEEQSLGWKNTFGTGNAGDTITSGLEGAWTTTPTQWDNNYFDNLFGFDWELTKSPAGAHQWRPKDGAGAGTVPDAHDPAKRHAPMMFTTDLALRMDPIYEPISRRFHENPDQFADAFARAWFKLTHRDMGPIARYLGPEVPTEELIWQDPIPAVTHPLIDEQDTAALKKMILASGLSVSQLVSTAWASASTFRGSDKRGGANGGRLRLAPQKDWDVNHPGLLATVLEKLEGIQIDFNSMQQDGKQVSLADLIVLGGSVGIEQAAKKAGHEVTVPFTPGRADASQEQTDVESFAVLEPESDGFRNYSKTKYTVSAEEMLIDKAQLLTLNAPEMTVLVGGMRVLNTNYGFSKHGVFTKRPEALTNDFFVNLLDLGTTWKAASQHQDVFEGRDRTTGELKWTGTRVDLIFGSNSELRALAEVYACEDAQEQFVQDFVAAWTKVMNLDRFDLA

"
8372,,PsalCP01,Bacteroidetes/Chlorobi,Pedobacter saltans,Catalase peroxidase,complete,Marcel Zamocky,">8372|PsalCP01| [Pedobacter_saltans]|Bacteroidetes/Chlorobi|Catalase_peroxidase|complete|
MEKESNDISKCPFHNGTLRNSVAGGGTQNRDWWPNQLKVSILRQHDTKSNPMDKGFNYAEEFKSLDLQAVKRDLHALMTDSQEWWPADFGHYGPLFIRMAWHSAGTYRVQDGRGGAGEGQQRFAPLNSWPDNVSLDKARRLLWPIKQKYGRKISWADLLVLTGNVALESMGFKPLGFAGGREDVWEPNTDVYWGSEKTWLGGDVRYAHGSEGVVENHGVLVSDDDADGDVHSRDLENPLAAVQMGLIYVNPEGPDGNPDPILAAKDIRDTFGRMAMNDEETVALIAGGHTFGKTHGAAPADNVGKEPESADMEMQGLGWHNSYGTGKGADTITSGLEVTWTSKPTEWSNLFFEYLFDFEWELTKSPAGAHQWEAINAEEIIPHAHDPNKKIKPRMLTTDLSLRLDPEYGKISRRFRDNPEEFANTFAKAWFKLTHRDMGPRERYLGPEVPKEVFIWQDPVPPVDHELINEADIESLKQQILGLGLSVSELVSTAWASASTFRGSDKRGGANGARIRLQPMNNWEVNNPAQLNKVLRALEGLQNQFNATTGKKVSLADLIVLAGAAGVEKAARDAGHHITVPFTPGRTDASQEQTEVDSIAYLEPTADGFRNYRKYKNHAVSTEELLIDKAHLLTLTAPELTVLIGGMRALNTNYDGSKHGVFTDRPGQLTNDFFVNLLDMGTEWKAMDQSKELYLGTSRKTGQPRWTGTRNDLVFGSNAELRALAEVYASDDAKEKFVNDFVAAWNKVMNLDRFDLK

"
8377,,LbyCP01,Bacteroidetes/Chlorobi,Leadbetterella byssophila,Catalase peroxidase,complete,Christophe Dunand,">8377|LbyCP01| [Leadbetterella_byssophila]|Bacteroidetes/Chlorobi|Catalase_peroxidase|complete|
MENISGDISKCPFHNGTMDKEKISTEGTQNSHWWPNSLSLDILRQHSPLVDPNDEGFNYQEEFKTLDLEAVKKDIAALMTDSQDWWPADFGHYGPFFIRMAWHSAGTYRLQDGRGGAGRGQQRFAPLNSWPDNANLDKARRLLWPVKQKYGRKLSWADLMILTGNVALETMGFKTLGFGGGRADVWEADKDIYWGDEKEWVASHRNPEALANPLAATEMGLIYVNPEGPDRNPDPLLAAKAIRKTFGNMGMNDEETVALIAGGHTFGKTHGAGDAAHVGPEPEAADMELQGLGWISSFGSGKGADTITSGLEVTWTSTPTKWSNNFFWNLFGYDWELTKSPAGAHQWIPKHGAGANSVPKAHNKEEREAPAMLTTDLALRFDPIYEKISRRFYENPDEFADAFAKAWFKLTHRDMGPKSRYLGPEVPAEDFIWQDPLPKADYEAIDDVDVAQLKAKIAASGLTVSEMVSTAWASASTFRGSDKRGGANGARVRLAPQKFWAVNNPTQLSSVLDKLEAIQNEFNATSGSKKVSLADLIVLAGNVGVETAAKNAGVDITVPFAKGRVDATQEQTDIEQFSFMEPFADGFRNYLKVKTSTSTESLLVDKAQLLTLTIPEMTVLVGGMRVLGTNYDNSKHGVFTDKVGTLTNEFFTNLLDMSTVWKATDETKELFQGTDRKSGELKWTGTRYDLVFGSHSELRAIAEVYASADAKEKFVKDFVKAWTKVMNLDRFDLQ

"
8405,,MpaKat01,Bacteroidetes/Chlorobi,Mucilaginibacter paludis,Catalase,complete,Marcel Zamocky,">8405|MpaKat01| [Mucilaginibacter_paludis]|Bacteroidetes/Chlorobi|Catalase|complete|
MDDQKKKLTTAAGIPYAENENSMTIGPRGPILLQDFILHEKMAHFNRERIPERVVHAKGSGAYGTFTVTHDITKYTRAKIFNTIGKQTKVFLRFSTVGGEKGSADTERDPRGFAIKFYTEEGNWDLVGNNTPVFFVKDPKKFGDFIHTQKRDPYTNCKSATMMWDFWSLNPESLHQVTILMSDRGTPYGYRHMDGFGSHTFSFINADNERYWVKFHFKTQQGIKNFTDEEAGVMRGKAPDFAQHDLLTSIDNGDFPKWSLKIQIMTEEEARNYKFNPFDLTKVWPHADFPLIDVGVLELNENPDNYFAHVEQAAFAPAHVVDGISYSPDKMLQGRLLSYPDAHRYRLGGNYEQIPVNRCPFMVNNYQRDGQMRIDGNHGSSPNYFPNSFDDIVADPAYKEPAWDLRNQVADWYDRNAEGENDHYTQPGNLYRLMSETAKQDLIKNIVNSMSGIDGPKKEIIVNRQLCHWFRADMNLGMAIAQGLNLNLQETMKHMPVQV

"
11344,,NkoCP01,Bacteroidetes/Chlorobi,Niastella koreensis,Catalase peroxidase,complete,Marcel Zamocky,">11344|NkoCP01| [Niastella_koreensis]|Bacteroidetes/Chlorobi|Catalase_peroxidase|complete|
MEKDSKDIGKCPFHNGSLKQNVGGGGTRNRDWWPNQLKLNILRQHSERSNPMGDDFDYAEAFKSLDLEAVKKDLHALMTDSQSWWPADFGHYGPLFIRMAWHSAGTYRVFDGRGGGGSGQQRFAPLNSWPDNVSLDKARRLLWPIKQKYGNKISWADLMILTGNIALESMGFKTFGFAGGRPDVWEPDEDVYWGAENTWLGGDVRYAHGSPGVVEGHGVLSADEPADGDEHSRNLEKPLAAVQMGLIYVNPEGPDGNPDPIAAAKDIRDTFGRMAMNDEETVALIAGGHSFGKTHGAAPATHVGKEPEAVDLEMQGLGWSNSYKSGKGADTITSGLEVIWTKTPTKWSNNFFENLFGFEWELTKSPAGAHQWVAKNADSIIPDAYDGAKKHLPTMLTTDLSLRFDPIYEKISRRFLENPDAFADAFARAWFKLTHRDMGPRARYLGADVPKEELLWQDPIPAVNHPLIDDKDVAALKEKVLASGLSVSELVSTAWASASTFRGTDKRGGANGARIRLAPQKFWVVNNPPQLQKVLSKLEAVQKEFNEAQSGGKKVSLADLIVLAGCAGIKKAAKDAGFDVTVPFTPGRMDATQEQTDVESVGYLEPHADGFRNYRKTRSHVLTEALLIDKAHLLTLTAPELTVLVGGMRVLDTNFDGSKNGVFTLHPGKLTNDFFVNLLDMNTAWKAAGEDRELYEGTDRTTGKVKWMATRADLVFGSNSELRAIAEVYGAADAKEKFVKDFVAAWNKVMNLDRFDL

"
11345,,SphspCP01,Bacteroidetes/Chlorobi,Sphingobacterium sp.,Catalase peroxidase,complete,Marcel Zamocky,">11345|SphspCP01| [Sphingobacterium_sp.]|Bacteroidetes/Chlorobi|Catalase_peroxidase|complete|
MESKDISKCPFHGEKLLKQAVGGGGTRNQDWWPNQLKLNILRQHSSLSDPMDPDFNYAEAFKSLDLEAVKQDLHALMTDSQDWWPADFGHYGPLFIRMAWHSAGTYRVGDGRGGAGGGQQRFAPLNSWPDNVSLDKARRLLWPIKQKYGRNISWADLLILAGNIALESMGFKTFGFAGGREDMWEAEEDVYWGAETTWLGGDVRYTHGSEGVVEGHGVLVSDDDADGDIHSRDLEKPLAAVQMGLIYVNPEGPDGNPDPIAAAKDIRDTFSRMAMDDEETVALIAGGHSFGKTHGAAPATHVGKEPEAAGLESQGLGWHNSYGSGKGPDTITSGLEVIWTTTPTQWSNNFFENLFAFEWELTKSPAGAHQWVAKDAGDIIPDPFDPTKKRKPTMLTTDLALRLDPGFEKISRRFLENPDAFADAFARAWFKLTHRDMGPRSRYLGPDVPKEELIWQDPIPAVDHPLVDANDIVMLKAKILATGLSVSELVSTAWASAATFRNSDKRGGANGARIRLAPQKDWPVNNPPQLTKVLHALENIQREFNNVQPGGRRVSLADLIVLAGCAAIEKAAKDGGHAITVPFNPGRMDASQEQTDVESIAFLEPAADGFRNYRKNKSSIPTEALLIDKAQLLGLTAPELTVLVGGMRVLNTNFDGSAHGVFTRTPGVLTNDFFINLLDMRTAWKASSPDQELYEGYDRATRQPKWTATRADLVFGSNAELRAIAEVYGSSDGKDKFVKDFVAAWTKVMNADRFDLK

"
11346,,ChrspCP01,Bacteroidetes/Chlorobi,Chryseobacterium sp.,Catalase peroxidase,complete,Marcel Zamocky,">11346|ChrspCP01| [Chryseobacterium_sp.]|Bacteroidetes/Chlorobi|Catalase_peroxidase|complete|
MEKDSNDISKCPFHNGSMKQNVAGGGTQNQDWWPNHLRVDILRQHSSLSDPMDKDFDYAEAFKSLDLEAVKKDLHALMTDSQDWWPADFGHYGPFFIRMAWHSAGTYRVGDGRGGAGAGQQRFAPLNSWPDNVSLDKARRLVWPVKQKYGNKISWADLLILTGNVALESMGFKTFGFAGGREDVWEPDQDVYWGAEKTWLGGDLRYAHGSEGVDKRGVVLPSDDNADGELHSRNLEKPLAAVQMGLIYVNPEGPDGNPDPIAAAKDIRDTFGRMAMNDEETVALIAGGHTFGKTHGAGPADHVGKEPEGAGIESQGLGWNSSYKSGKGADAISSGLEVTWTETPTEWSNYFFKNLFENEWELTKSPAGAHQWIAKNGEEIIPDAFDSSKKHRPTMLTTDLSLRLDPVYEKISRRFYEDPDAFADAFARAWFKLTHRDMGPRVRYLGPDVPAEKLIWQDPIPEVDHVLIDNNDIDALKVKIISSGLSISELVSTAWASASTFRGSDKRGGANGARIRLEPQKFWAVNNPAQLQKVLNGLENIRKEFNDAQTGGKKVSLADLIVLAGTAAVEKAAKDAGHEITVSFAPGRMDASQEETYVESMGYLEPAADGFRNYLKRKYAVSTEALLIDRAQLLTLTAPELTVLIGGMRALDTNFDGSKHGVFTQRPGLLTNDFFVNLLDMSTQWKAMSDDQELYVGTSRSTGDVKWTATRADLVFGSNSELRAVAEVYGSSDGEAKFVKDFAAAWTKVMDLDRFDLH

"
11347,,FlaspCP01,Bacteroidetes/Chlorobi,Flavobacterium sp.,Catalase peroxidase,complete,Marcel Zamocky,">11347|FlaspCP01| [Flavobacterium_sp.]|Bacteroidetes/Chlorobi|Catalase_peroxidase|complete|
MDNQSNDISKCPFHNGSMDKQAASGTKNRDWWPKQLKVNILRQNSVLSNPLDKDFNYAEAFKTLDLDAVKKDLHALMTDSQDWWPADFGHYGGLFIRMAWHSAGTYRVHDGRGGAGAGQQRFAPLNSWPDNVSLDKARRLLWPIKQKYGQKISWADLLILTGNVALESMGFKTFGFAGGRADVWEADESVYWGSETTWLGGDERYKDGSEGVPKDHGVVSSDDNADGNIHSRNLEKPLAAVQMGLIYVNPEGPDGNPDPIAAAKDIRDTFGRMAMNDEETVALIAGGHTFGKTHGAASSDHVGKEPEAAGLELQGLGWQNSYGSGKGSDAITSGLEVTWTKTPTQWSNNFFENLFGFEWELSKSPAGAHQWVAKNAEAIIPDAFDPNKKHLPTMLTTDLSLRLDPAYEKISRRFLENPDEFADAFARAWFKLTHRDMGPRALYLGPEVPAEELLWQDPIPEVNHTLINDQDIAQLKERILNSGLTVSQLVSTAWASASTFRGSDKRGGANGGRIRLAPQKDWEVNNPTALKVVLDKLEAIQNEFNTAQNDGKKVSLADLIVLGGSAAVEKAAKDAGASVSVPFAPGRMDASAEQTDVESFGYLEPKVDGFRNYRKTKSSVLTEELLIDKANLLTLTAPELTVLLGGLRVLDINADGSKNGVFTTRPGRLTNDFFVNLLDMNTQWQAVSNDKELYTGNDRSTGQPKWIGTRADLVFGSNSELRAIAEVYAASDAHEKFVHDFIAVWTKVMNLDRFDLKK

"
11348,,NsoCP01,Bacteroidetes/Chlorobi,Niabella soli,Catalase peroxidase,complete,Marcel Zamocky,">11348|NsoCP01| [Niabella_soli]|Bacteroidetes/Chlorobi|Catalase_peroxidase|complete|
MENDSKDISKCPFHNGTIKENVGGGGTRNRDWWPNQLKVSILRQHAAKSNPMDKDFNYKAAFESLDLAAVKKDLEALMTDSQDWWPADFGHYGGLFIRMAWHSAGTYRVGDGRGGAGTGQQRFAPLNSWPDNVSLDKARRLLWPIKQKYGNKLSWADLLVLTGNVALESMGFKTLGFAGGREDVWEPDEDVYWGSETTWLGGDIRYAHGGDPGVEKNGGVVIADDKDTNGTHSRHLEKPLAAVQMGLIYVNPEGPDGNPDPIAAAKDIRDTFGRMAMNDEETVALIAGGHTFGKTHGAAPATHVGKVPEEAGIEEQGLGWSSSFGSGKGADAIGSGLEVTWTQTPTQWDNNFFETLFGFEWELTKSPAGAHQWVAKDADAITPDAFDSAKKHKPTMLTTDLSLRFDPEYGKISKHFLENPDAFADAFAKAWFKLTHRDMGPRARYLGAEVPAEEFIWEDPIPAVDHVLIDSNDIAELKAKVLASGLSIAELVTTAWASASSFRGGDKRGGANGARIRLAPQKDWEVNNPAQLQKVLAVLEGIQKDFNGEQVGAKKVSLADLIVLAGAAAVEKAAKDAGHAVSVSFTPGRMDATQEQTDVDSVAYLETPADGFRNYRKGASVVPTEALLIDKAQLLTLTVPELTVLVGGMRALGATWDGSKHGVFTQRPGQLTNDFFVNLLDMRTAWKASNGSRELFEGSDRTTGATKWTATRADLVFGSNAELRAVAEVYGSADSADKFVNDFVAAWAKVMNLDRFDLA

"
