Id,Unnamed: 1,Name,Taxo,Orga,Class,Status,Author,Fasta,Name_Class
2369,,CphCP01_DSM266,Bacteroidetes/Chlorobi,Chlorobium phaeobacteroides,Catalase peroxidase,complete,Nenad Bakalovic,">2369|CphCP01_DSM266| [Chlorobium_phaeobacteroides]|Bacteroidetes/Chlorobi|Catalase_peroxidase|complete|
MSEQSKCPVTGRTAGNPVAGGSMLNRDWWPNQLHLDMLHQHSSLVNPMGDEFRYKEEFRKLDLGAVKKDLYALMTDSQEWWPADYGHYGGLFIRMAWHSAGTYRTSDGRGGGGRGNQRFAPLNSWPDNANLDKARRLLWPIKQKYGKMLSWADLMILAGNCALESMGFKTFGFGGGRVDIWEPEEDIYWGKEVEWLGNNRYSGERDLENPLAAVQMGLIYVNPEGPDGNPDPVAAGRDIRETFARMAMNDEETVALVAGGHTFGKCHGVGDPNLIGPEPEAAGIEEQGLGWKSGYGSGKGDETMTSGLEGAWTPDPIHWDMGYLGMLFKYEWELTKSPAGAWQWKPKDVAEEDLAPAAHDPSKRVPTMMTTADLAMRMDPVYGPISRRYYEHPDQFADAFARAWFKLTHRDMGPKSRYLGAEVPAEDLIWQDPVPAVDHELIGEGEIAELKKRLLASGLPIPELVSTTWASASTFRGSDKRGGANGSRIRLAPQKDWEVNQPEQLQRVLEKLEEIRHAFNGEQSGGKRVSLADLIVLGGCAAVEEAARRAGNDVTIPFAPGRTDASQAETDVESFAVLEPLADGFRNYARQKYSVTPEEMLVDRSQLLTLTATEMTVLLGGLRVLGANFRQSPHGVFTKRHETLTNDFFVNLLDMGTEWKPVSKEHDTFEGRDRKTGEPRWSATRVDLIFGSNARLRAIAEVYGSDDAQEKFVQDFVAAWNKVMNLDRFEIS

",CphCP01_DSM266_Catalase peroxidase
2534,,PaeCP01,Bacteroidetes/Chlorobi,Prosthecochloris aestuarii,Catalase peroxidase,complete,Filippo Passardi,">2534|PaeCP01| [Prosthecochloris_aestuarii]|Bacteroidetes/Chlorobi|Catalase_peroxidase|complete|
MSEQSRCPVTGRTADSPATGSGLSNRDWWPNQLHLDMLHQHSSLVNPMGEGFRYKEEFGKLDLKEVKKDLYALMTDSQEWWPADYGHYGGLFIRMAWHSAGTYRTSDGRGGGGTGNQRFAPLNSWPDNANLDKARRLLWPIKQKYGKKISWADLMILAGNCALESMGFKTFGFGGGRVDIWEPEEDIYWGKEVEWLGNKRYSGERDLENPLAAVQMGLIYVNPEGPDGKPDPVAAGRDIRETFARMAMNDEETVALVAGGHTFGKCHGVGDPKLVGPEPEAADIEEQGLGWKSGYGIGKGDETMTSGLEGAWTPDPIHWDMGYLGMLFRYEWELTKSPAGAWQWKPKDVAEEDLAPAAHDPSKRVPTMMTTADLAMRMDPIYGPISQRYYEHPDQFADAFARAWFKLTHRDMGPHSRYLGAEVPAEELIWQDPVPALDHDLIDAEEIAELKKRLLASGLSIPELVSTAWASASTFRGSDKRGGANGARIRLAPQKDWEVNQPEQLQRVLHKLEEIRNTFNGEQSGNKQVSLADMIVLGGCAAVEEAAGKAGTGVTVPFTPGRTDALQEQTDTESFSVLEPLADGFRNYMKKKYSVSAEEMLVDRSQLLTLTAPEMTVLLGGLRVLGANFQQSPHGVFTTQPETLTNDYFVNLLDMGTEWKPLSKEQDTFEGRDRKTGEPRWTATRVDLIFGSNSRLRAIAEVYGSDDAQEKFVHDFVAAWDKVMNLDRFDLG

",PaeCP01_Catalase peroxidase
2535,,PphCP01,Bacteroidetes/Chlorobi,Pelodictyon phaeoclathratiforme,Catalase peroxidase,complete,Filippo Passardi,">2535|PphCP01| [Pelodictyon_phaeoclathratiforme]|Bacteroidetes/Chlorobi|Catalase_peroxidase|complete|
MSEQGKCPVTGRTAVNPVTTGGMSNRDWWPNQLHLDMLHQHSSLTNPMGEEFRYKEEFKKLDLKSVKKDLYALMTDSQEWWPADYGHYGGLFIRMAWHSAGTYRTSDGRGGGGTGNQRFAPLNSWPDNANLDKARRLLWPIKQKYGRKLSWADLMILAGNCALESMGFKTFGFGGGRVDIWEPEEDIYWGKEVEWLGSNRYSGERDLENPLAAVQMGLIYVNPEGPDGNPDPVAAGRDIRETFARMAMNDEETVALVAGGHTFGKCHGVGDPKLIGPEPEAAEIEEQGLGWKSGYGSGKGDETMTSGLEGAWTPDPIHWDMGYLGMLFKYEWELTKSPAGAWQWKPKDVAEEDLAPAAHDPSKRVPTMMTTADLAMRMDPLYGPIARRYYEHPEQFADAFARAWFKLTHRDMGPRSRYLGAEVPAEELIWQDPVPAVDHELIGEGKIKELKKRILASGLSIPELLSTAWASASTFRSSDKRGGANGSRIRLSPQKEWEVNQPEQLQRVLGKLEEIRNAFNGEQSGGKQVSLADLIVLGGCAAVEEAARRAGNDVTVPFIPGRTDASQEQTDVESFAVLEPLADGFRNYTKRKYSVTPEEMLIDRSQLLTLTATEMTVLLGGLRVLGVNFRQSPHGLFTNRPETLTNDFFVNLLDMGTEWKPLSKEHETFEGRDRKTGEVRWSATRVDLIFGSNARLRAIAEVYGSDDAQGKFVQDFVAAWNKVMNLDRFDLS

",PphCP01_Catalase peroxidase
2628,,CEsCP01,Bacteroidetes/Chlorobi,Cellulophaga sp.,Catalase peroxidase,complete,Christophe Dunand,">2628|CEsCP01| [Cellulophaga_sp.]|Bacteroidetes/Chlorobi|Catalase_peroxidase|complete|
MKNTETFDLNDPSAIAKCPFLGGAHKQFAGGGTTNRDWWPNELRLNVLRQNATKSDPMGEDFDYAAAFKSLDFTALKKDVIDLMTDSQDWWPADYGHYGGFMIRMAWHSAGTYRIGDGRGGSGSGSQRFAPLNSWPDNGNLDKARLLLWPIKKKYGNKISWADLMILAGNCALESMGFPTFGFSGGREDVWEPEQDIYWGSEVEWGANEARYKDGDLEAPLAAVMMGWIYVNPEGPNGNPDPMGSAANVRETFGRMAMNDEETVALVAGGHTFGKAHGAADPEKYVGTEPHGASIEEMSTGWKNSYKSGVLDDTITSGIEGAWTPNPTQWDADYFDVLLNYDWELTKSPAGAHQWTPTEESNARMAPTAGDASKKQRLMMTTADIALKVDPEYLKISKKFHEDHKAFEDAFARAWYKLTHRDMGPLSRYLGPEMPGEKLLWQDPLPEANGYTLSDAQVEILKSAIADSDLTIAEMVTTAWASASTYRDSDKRGGANGARIALAPQSHWEVNNPEQLNKVLIFLKDIQNTFDGEVSLADLIVLAGSVGIELAAMKAGREITVPFTPGRVDATQEDTDIDSFGYLEPKADGFRNYVQSSQKAQAAETMLVDRAQLLGLSIPEMTVLVGGLRVLGANYDGSKVGVFTDRPGELTNDFFVNLLDFTYTWKALSSDDTLFSGTDRRTGEMKFTGSRADLIFGSNTELRAVAEVYGASDGEDRFVNDFVKAFVKVMDADRFDVK

",CEsCP01_Catalase peroxidase
2629,,TspCP01,Bacteroidetes/Chlorobi,Tenacibaculum sp.,Catalase peroxidase,complete,Christophe Dunand,">2629|TspCP01| [Tenacibaculum_sp.]|Bacteroidetes/Chlorobi|Catalase_peroxidase|complete|
MSNTDNFDINKDTGKCPFLHGTPTKTAGGGTTNRDWWPNELKLNVLRQHASKSNPLGEDFDYAAAFNSLDFNELKQDVLNLMTDSQDWWPADYGHYGGFMIRMAWHSAGTYRVIDGRGGAGSGTQRFAPLNSWPDNGNLDKARLLLWPIKQKYGNKISWADLMILAGNCALESMGFPTKGFAGGREDVWEPEQDIYWGSETEWGANEKRYEDGELESPLGAVMMGWIYVNPEGPNGNPDPLGSAKNVRETFERMAMNDEETVALVAGGHTFGKAHGAADPDKYVGNEPHRGKIEEMSTGWKNSFKSGVLDDTITSGIEGAWTPNPTQWDADYFDVLLNYEWELTKSPAGAYQWTPTAESKAKMAPTAGDPNKKQALMMTTADIALRMDPKYLEISQRFHKDHKAFEEAFANAWYKLTHRDMGPTDRYLGPEVPSEELLWQDPIPKVNYTLSDDDINTLKALISESGLTVSELVKTAWASASTFRGSDKRGGANGGRIRLEPQRNWEVNNPEELEKVLTTYKAIQKKFEGEISIADLIVLGGSVGVEKAVKNAGYNFNVAFTEGRGDATQEQTDLKSFSYLEPIADGFRNYINSDLKMAAEDLLIDKANLLTLSIPEMTVLVGGLRMLSANYDGSNHGVFTDKKETLSNDFFKNILDFSYTWKATNSDEKEFIGRDRKTNALKFTGTRADLIFGSNTELRAVCEVYGAADAEEKFVKDFIAAWTKVMNLDRFDLK

",TspCP01_Catalase peroxidase
2630,,LbCP01_MED217,Bacteroidetes/Chlorobi,Leeuwenhoekiella blandensis,Catalase peroxidase,complete,Christophe Dunand,">2630|LbCP01_MED217| [Leeuwenhoekiella_blandensis]|Bacteroidetes/Chlorobi|Catalase_peroxidase|complete|
MENKNGNDHGTDGKVWDVNESAKCPFLSGEMNHVTGQGTTNRDWWPNQLNLSILKQNSSLVDPMDEDFDYAEAFKSLDLAAVKQDLYDLMTNSQDWWPADYGHYGPFFIRMAWHAAGTYRIHDGRGGAGSGQQRFAPLNSWPDNANLDKARLLLWPIKKKYGNKLSWADLLILAGNCAHESMGLNMFGFAGGREDVWEPEEVYWGAETEWLGNKERYEGGELEKALGAAHMGLIYVNPEGHNANPDPVESAHFIRETFGRMAMNDYETVALIAGGHTFGKTHGAADPDEYVEAEPAAAGMEAMGTGWKNNFGSGKGADTITSGLEGAWTDTPTQWSNKYFENLFGYEWELTKSPAGAHQWKPKNDAGAGTVPDAHRADVKHAPFMLTTDLSLRFDPEYEKISRHFMENPEEFADAYSRAWFKLTHRDMGPKERYLGAEVPQEELIWQDPIPAVDHELVSDADVAHLKKNILESGHSISELVSVAWASASTFRGSDKRGGANGARIRFAPQRTWDVNNPEQLDAVLKTLEGIQKSFNDSQSGNKKVSIADLIVLAGSAAVEKAAKNAGHDISVPFTPGRADALEEQTDASAFDALEPVADGFRNYMKDRFEIKAEEFLVDRAQLLTLTPPEMTVLVGGLRVLNTNFDGSDYGVFTDKPETLTNDFFVNLLDMNTTWKAVSEEDELFEGSDRNTGEKKWTGTRVDLIFGSNSELRALAEAYALEDSGERFVKHFVKTWVKVMNLDRYDVK

",LbCP01_MED217_Catalase peroxidase
2669,,CchCP01,Bacteroidetes/Chlorobi,Chlorobium chlorochromatii,Catalase peroxidase,complete,Filippo Passardi,">2669|CchCP01| [Chlorobium_chlorochromatii]|Bacteroidetes/Chlorobi|Catalase_peroxidase|complete|
MNEERKCPITGATHKPSAEKGRSNHDWWPNQLNLKILHQHSALSNPMDKDFNYAEEFKKLDLAAIKQDLYALMTDSQEWWPADYGHYGPLFIRMAWHSAGTYRTSDGRGGAGTGSQRFAPLNSWPDNANLDKARRLLWPIKQKYGRQISWADLMILTGNCALESMGLKTFGFAGGREDIWEPEEDIYWGTEGEWLADKRYSGERELEKPLAAVQMGLIYVNPEGPNGKPDPLAAAKDIRETFARMAMNDEETVALIAGGHTFGKTHGAGDASQVGPEPEAAGIEEQGLGWKNQYGTGKGKDTITSGLEVIWTTTPTKWSNNFFWNLFGYEWELTKSPAGAYQWTPKYGVGANTVPDAHDPSKRHAPAMMTTDLALRFDPDYEKIARRYYENPDQFADAFARAWFKLTHRDMGPRSRYRGAEVPVEELIWQDTIPALDHELIGADEIAALKATILASELSIAQLISTAWASAATFRNSDKRGGANGARLRLAPQKDWEVNQPDELQKVLQVLETIQTEFNASRNDGKKVSLADLIVLGGCAAIEAAAEKAGYKVTVPFTPGRMDATQEETDAHSFAVLEPVADGFRNYLKAKYSFSVEEMLIDKAQLLTLTAPEMTVLIGGMRVLNTNAGHTTHGVFTKRPETLSNDFFVNLLDMGTVWKATSEASDIFEGRNRSTGELQWTATRVDLVFGSNSQLRALVEVYGCKDSQEKFLNDFIAAWNKVMNLDRFDLSGL

",CchCP01_Catalase peroxidase
3063,,SruCP01,Bacteroidetes/Chlorobi,Salinibacter ruber,Catalase peroxidase,complete,Christophe Dunand,">3063|SruCP01| [Salinibacter_ruber]|Bacteroidetes/Chlorobi|Catalase_peroxidase|complete|
MHNGSNGSVEQRDSMPETSREWWPGSLDVEILDQNAQDVGPWNGDFDYAEAFQELDYEALKEDIEEVMTTSKDWWPADYGHYGPLFIRMSWHAAGTYRTTDGRGGSSGGRQRLAPLNSWPDNANLDKARRLLWPVKQKYGRKISWADLLVLAGNVAMESMGFETFGFAGGREDDFKPDESIDWGPEDEMETWGRFNEEDELDNPLGATVMGLIYVNPEGPESTPDPEWSAQRIRKSFGRMAMNDRETAALIAGGHTFGKVHGADTDEHLQAEPEAAPIEQQGLGWHNEHGSGKGGDTITSGIEGPWTDAPTEWDMGYLDFLLDYEWEVHKGPGGAWQWRPKSDELKGVVPDAHDASETVDPMMLTTDVALKRDPDYREIIEDFRENPDAFEDAFARAWFKLLHRDMGPKERYLGPEVPEEDLIWQDPVPDADHDLIGDEEIAELKEAILETDLSVSRLVKTAWASASTYRDSDKRGGANGARIRLEPHRNWEANEPPQLAHALEVLTGIQKNFNDARTDDVRVSLADLIVLGGSAAIEKAAADAGHDVEVPFTPGRTDATQEQTDVEAFEYLEPKADGFRNYIADDPWQDWTPEEFLVDKADLLNLTPAETTVLVGGMRALDATHEQADGYGVFTDRPETLNNDYFVNLLDMGHEWDPVSEDKQHFKIRDRDTGEVKWKATRVDLIFGSNSRFRALSQVYGSGDAEEKFVDDFVDAWTKVMNLDRFDLE

",SruCP01_Catalase peroxidase
3560,,PtorCP01,Bacteroidetes/Chlorobi,Psychroflexus torquis,Catalase peroxidase,partial,Filippo Passardi,">3560|PtorCP01| [Psychroflexus_torquis]|Bacteroidetes/Chlorobi|Catalase_peroxidase|partial|
MAMNDYETVALIAGGHTFGKCHGAGDDGLVGVGPEDAPMEQQQFGWKSGHGKGKGRDTITSGLEGPWTSNPAQWDNGYFENLFKYEYELVKSPAGAFQWHPKDLEDENYAPDVEDANQKVTTIMLTSDLALREDPEYRKISLNFKNNPEEFADAFARAWFKLLHRDMGPKNRYLGPEVPDEDLIWQDPIPAGNSDYDIEKAKELIRASGLSIQEMVESAWSSASTFRNSDLRGGANGARIRFEPMRSWKSNNKEQLDKVINSLSGIATEVGASVADMIVLAGNVAIEEASGLEVPFRAGRGDALEEKTDSESFKVLEPLADGFRNYQKTEYSVSPEEMLVDKAQLLGLTAPEMTVLVGGMRSLGISKDNMGVFSSNINKLDNDFFKTLLDMNVSWRQSGNNAYEGVDKQTGDVVRTASRVDLVFGSNSQLRSIAEVYAANDAENKFKTDFINAWNKVMNADRFDLDV

",PtorCP01_Catalase peroxidase
3590,,BBFL7CP01,Bacteroidetes/Chlorobi,Flavobacteria bacterium BBFL7,Catalase peroxidase,complete,Filippo Passardi,">3590|BBFL7CP01| [Flavobacteria_bacterium_BBFL7]|Bacteroidetes/Chlorobi|Catalase_peroxidase|complete|
MLSKYYQMKNLLLYSSITIIALAGLFGGYYYTFHMNKPTDVATASKAECPLGFGSTKSAGSMTKGEGKTNQQWYPNSLDLSVLRQNSDMSNPLGEEFDYKKEFESLDYDALKKDIELALTDSKDWWPADFGNYGGLFIRMAWHSAGTYRTGDGRGGTREGKQRFAPQNSWADNANLDKARRLLWPVKQKYGQKISWADLMILAGNVSFENMGFETLGYAGGREDTWEPQNNVYWGSESEMLGDERFNEDRELETPLAASQMGLIYVNPEGPNGNPDPVLAAHDIRQTFGRMGMNDEETVALIAGGHTLGKTHGASSGENLGAAPEGAAIEDQGMGWKSAHKSGKGADAVTSGLEVTWTNTPTQWGIGYFKSLFEHEWKLTKSPGGAHQFEAVNPKKMYPHAFDKDKQVAPTMLVTDLSLIKDPAYLKISKRFYENPEEFDAAFAKAWFKLTHRDMGPSSTYLGPEVPQEQFIWQDPIPARDYKLVSTSDINTLKGKIKASGLTTNELVTTAWNAASTYRHGDRRGGANGGRIQLEPQVNWDSNNPTQLKKVLNVYRDIKNDFDTSSRKISMADLIVLGGNVAIENAAKKAGYSIDVPFTPGRTDATQDQTDIDGTNLLKPMADGFTNFQQKEYTLTAEQLLVDKAQQLTLSAPEMTVLVGGMRALGANYDGSKTGIMTEQTGTLSNDFFKNLLSMDYSWKPVENNKNLFEIVERNTNNKKWDATRVDLIFGSNSELRALSEVYASEDAKERFVNDFVAAWTKVMNLDRFDLK

",BBFL7CP01_Catalase peroxidase
3610,,BBFL7CP02,Bacteroidetes/Chlorobi,Flavobacteria bacterium BBFL7,Catalase peroxidase,complete,Filippo Passardi,">3610|BBFL7CP02| [Flavobacteria_bacterium_BBFL7]|Bacteroidetes/Chlorobi|Catalase_peroxidase|complete|
MDSSNNTKVWDINQSEAASKCPFMGGASPNTAGRGTRNKDWWPNQLRLNVLRQNAPKSDPMDPDFNYEEAFKSLDMNALRKDLTALMTDSQDWWPADYGHYGGFFVRMAWHSAGTYRVGDGRGGSCSGSQRFAPLNSWPDNGNLDKARLLLWPIKQKYGKSISWADLMILTGNIAMESMGLKKLGFAGGREDIWEPEQDIYWGSETEWLGNDARYENGELEGMLGAAHMGLIYVNPEGPNGKPDPVGSAHDIRETFGRMAMNDYETVALIAGGHTFGKAHGASDPEKYMGPEPAGARIEEMSTGWNSSYGTGHGDDTTTSGLEGAWTPNPDQWDYDYFRVLLDYEWELTKSPAGAHQWRPTDASNADRAPMAVDASKRQDLMMSTADIALKTDPEYLKISQHFRENPDEFEDAFAKAWFKLTHRDMGPTTRYLGNDIPEKEELWQDPIPSVTHELINDEDVASLKSQILDSGLTIQELVSVAWASASTYRDSDKRGGANGSRIRLAPQNQWEANNPKQLHKVLDVLDKIQGDFNNSQSGDKQVSMADLIVLGGNAAIEKAAKDAGHNVTVPFNAGRADATQEQTDIESFTYLEPRADGFRNFLGSEQKAAGEDLLVDRANLLSLSVPEMTVLVGGLRAMNANYDQSDYGIFTDRPGLLTNDYFVNVLDLSTKWQSKSSADLLFEGRNRKTGDLKWIGTRVDLIFGSNTELRAIAEVYASHDSKNKFIADFIAAWHKVMNLDRFDLK

",BBFL7CP02_Catalase peroxidase
3611,,PtorCP02,Bacteroidetes/Chlorobi,Psychroflexus torquis,Catalase peroxidase,complete,Filippo Passardi,">3611|PtorCP02| [Psychroflexus_torquis]|Bacteroidetes/Chlorobi|Catalase_peroxidase|complete|
MEDTKSLKDGSKAKVGNVNSSPASCPFLNGEMKGAAGSGSDNRDWWPNSLNINILRQNSSMASPMDEDFDYAEEFKTLDLKTVKEDLKELMTTSQEWWPADYGNYGPFFIRMAWHAAGTYRIQDGRGGAGTGSQRFAPLNSWPDNANLDKARLLLWPIKEKYGRKLSWADLIVLTGNVAHESMGLEMQGFGGGREDIWQPEEDVYWGSEKEWLDNDERYSEGELENPLGASHMGLIYVNPEGPNGKPDPIGAAHDIRVTFGRMAMNDYETVALIAGGHTFGKTHGAANDLEYVDSEPAGAPIEMQSMGWKNNYKSGKGEDTITSGLEGAWTDTPTKWSHKYFENLFKYDWELTKSPAGAHQWKPKDNEGAGTIPDAHNPTKKHAPFMLTTDIALKEDPAYEKVSKHFYENPDEFAEAYSKAWFKLMHRDMGPINRYLGPDVPKKQEKWQDPIPAVDHELINDKDGAELKSKILNTELSISELVSTAWASASTFRHSDKRGGANGAHIRLEPQRNWAVNSPKQLSKVLEVLTKIQSEFNTLQKGNKKVSMADLIVLGGNAAIEEAAEAGGNYIQIPFYPGRTDALKEQTEIDSFGALEPMADGFRNYSKGYPKVTDEELLIDKANLLTLTAPEMTVLIGGMRALNTNYNHSKHGVFTTRQGVLTNDFFTNLLDLGTTWKSSNDEQTLFEGSDRKTGEIKWTGTRADLIFGSNSELRALAEVYGSSDSQKKFVKDFAFAWNKVMNLDRYDLHQI

",PtorCP02_Catalase peroxidase
3613,,PtorCP03,Bacteroidetes/Chlorobi,Psychroflexus torquis,Catalase peroxidase,complete,Filippo Passardi,">3613|PtorCP03| [Psychroflexus_torquis]|Bacteroidetes/Chlorobi|Catalase_peroxidase|complete|
MKKLLIAAFSLFVVVAFAQQSTEPEYKTCPVTGIRIKVKDGENPHAKMQDKSSVTEEMTPKRMGNKDWWPNSLDLSVLRQHSQKSNPMGEDFDYRAAFKALDYGALKTDLVALMKDSKEWWPADYGHYGPFFIRMSWHSAGTYRTADGRGGSRDGQQRFAPINSWPDNANLDKARRLLWPIKQKYGKSISWADLMILAGTLAYEDMGLEIAGFSGGREDTWEPSSNVYWGAENEMLANDKRYDDNGDIEQPLAAVQMGLIYVNPEGPDGNPDPALAADGIRQTFGRMGMNDKETVALIAGGHTIGKTHGAGDASLGPAPEAASIQEQGLGWMSSYKSGKAEDAITSGLEVIWTNTPAEWSQGYFKSLFENEWELTKSPGGAYQWVAKDSKEIYPDAHIEGKKHRPTMLTTDLTMIKDPDYLKISKFFYENPEEFNKTFAQAWFKLTHRDMGPKSTYIGPDAPKEDFIWQDPIPKAKYEMVNAADIKALKAEILKSGLNTSELVETAWTSASTYRDSDRRGGANGGHILLEPQRSWEANNPKQLDKVASKLTMIQKDFNKKYNNKEVSMADLIVLGGNVAIEQAAKKAGHTIEVPFMPGRTDALQEQTDVESMQLLKPMADGFTNYQGKQYTLTTEELLVDKAQLLTLTAPEMTVLIGGMRALGANHGNAQHGVFTDRPGELTTDFFVNLLDMSHKWEPKDDKEQVFISKNRQTGDTKWTATRADLIFGSNSELRALAEVYATEDADEKFVTDFVSAWSKVMQLDRFDVKM

",PtorCP03_Catalase peroxidase
3617,,FjCP01_UW101,Bacteroidetes/Chlorobi,Flavobacterium johnsoniae,Catalase peroxidase,complete,Filippo Passardi,">3617|FjCP01_UW101| [Flavobacterium_johnsoniae]|Bacteroidetes/Chlorobi|Catalase_peroxidase|complete|
MENQSNDISKCPFHNGSMDNQAASGTKNNDWWPKQLKVNILRQNSSLSNPLSKDFDYAEAFKTLDLEAVKKDLHVLMTDSQDWWPADFGHYGGLFIRMAWHSAGTYRVHDGRGGAGAGQQRFAPLNSWPDNVSLDKARRLLWPIKQKYGQKISWADLMILTGNVALESMGFKTFGFAGGRADVWEPDESVYWGSETTWLGGDERYNNGSDGVPKDHGVVSADDDADGKVHSRNLEKPLAAVQMGLIYVNPEGPDGNPDPILAAKDIRDTFGRMAMNDEETVALIAGGHTFGKTHGAASSDHVDKEPEAAGLELQGFGWKNSFGSGKGADAITSGLEVTWTKTPTQWSNNFFENLFAFEWELSKSPAGAHQWVAKNAEAIIPDAFDSTKKHLPTMLTTDLSLRLDPEYEKISRRFLENPDQFADAFSRAWFKLTHRDMGPRARYLGPDVPQEVLLWQDPIPEVNHKLIDENDIKQLKEKILNSGLSISQLVAAAWASASTFRGSDKRGGANGARVRLAPQKDWEVNNPAKLAQVLSKLETIQTEFNASQNDGKKVSLADLIVLAGSAGVEKAAKDAGSSVTVSFNPGRMDASAEETDVESFGYLEPKADGFRNYRKTKSAVSTEELLIDKANLLTLTAPELTVLLGGLRVLDINADGSKNGVFTHRPGQLTNDFFVNLLDMNTQWQAVSNDKELYAGNDRSTGQPKWIATRADLVFGSNSELRAVAEVYASTDANEKFVNDFIKAWTKVMNLDRFDLA

",FjCP01_UW101_Catalase peroxidase
3650,,CphCP01_BS1,Bacteroidetes/Chlorobi,Chlorobium phaeobacteroides,Catalase peroxidase,complete,Filippo Passardi,">3650|CphCP01_BS1| [Chlorobium_phaeobacteroides]|Bacteroidetes/Chlorobi|Catalase_peroxidase|complete|
MSEHSRCPVTGRTAGNPVAGGGIANRDWWPNQLHLDMLHQHSSLSNPMEEAFKYKEEFGKLDLKAVKKDLYTLMTDSQEWWPADYGHYGGLFIRMTWHSAGTYRTGDGRGGGGTGNQRFAPLNSWPDNANLDKARRLLWPIKQKYGKKLSWADLMILAGNYALESMGFKTFGFGGGRVDIWEPEEDIYWGKEVEWLDNKRYSGERDLENPLAAVQMGLIYVNPEGPDGKPDPVAAGKDIRETFGRMAMNDEETVALVAGGHTFGKCHGVGDPKLVGPEPEAADIEEQGLGWKSGYGSGKGDETMTSGLEGAWTPDPIHWDMGYLGMLFKYEWELTKSPAGAWQWKPTDVAEEDLAPAAHDPSKRVPTMMTTADLAMRMDPIYGPISRRYYEHPDQFADAFARAWFKLTHRDMGPKSRYLGTEVPEEDLIWQDPVPAVDHELIGDREIAELKKRLLASGLSIPELVSTAWASASTFRGSDKRGGANGARIRLAPQKDWEVNQPEQLKIVLQKLEEIRQEFNDAQSGGKRVSLADLIVLGGCAGVEEAARKAGTDVTIPFTPGRTDASQEQTDTESFAVLEPLADGFRNYMKKKYSVSAEEMLVDRSQLLTLTAPEMTVLVGGLRVLNVNFGQSPHGVFTTLPETLTNDFFVNLLDMGTEWKPLSKEHDTFEGRDRKTGEPRWTATRVDLIFGSNSRLRAIAEVYGSDNAQEKFVHDFVAAWNKVMNLDRFELG

",CphCP01_BS1_Catalase peroxidase
4012,,CphCMD_BS1,Bacteroidetes/Chlorobi,Chlorobium phaeobacteroides,Carboxymuconolactone decarboxylase (peroxidase activity),complete,Christophe Dunand,">4012|CphCMD_BS1| [Chlorobium_phaeobacteroides]|Bacteroidetes/Chlorobi|Carboxymuconolactone_decarboxylase_(peroxidase_activity)|complete|
MTIRYFKAAGGGQKNDLAERTLMHINSEFGARVEPFTLHLPQPELLAGVWMICRESLLVGSVRRDLKEAVATTVSVINRCPYCVDAHGIMILGASGKSYAEAITAGTYDAIDDKDVRKAVEWAAATLLPGSSILADPPFSPDEAPEYIGTAVCFHYINRMVTILLGPTPLPFGKGALKRVSMRLASWFFGRSIRVYKEPCASLELLPRATLPGDLGWASASACIAHAYAAFSGTVERAGEKVLTEQVRESISKVVKAWNGKDPGMGRAWIEESLGACTGGQRAAGELALLAALAPYLVTPAEVSSFSAYYPGDRELLAVLAWGSFTAARRAGGWMS

",CphCMD_BS1_Carboxymuconolactone decarboxylase (peroxidase activity)
4050,,CphCMD_DSM266,Bacteroidetes/Chlorobi,Chlorobium phaeobacteroides,Carboxymuconolactone decarboxylase (peroxidase activity),complete,Christophe Dunand,">4050|CphCMD_DSM266| [Chlorobium_phaeobacteroides]|Bacteroidetes/Chlorobi|Carboxymuconolactone_decarboxylase_(peroxidase_activity)|complete|
MTINYFTETHPAYRDKLTILVMAQVRKEFGAEVEPFLLHKPIPELLAGSWMACRETLISGIANREAKEVVAAVTSMMNRCPYCVDAHTVMALGASGRDYTGTIASGRYETIRDPFMRSMAEWGSATRSPDSPVLRYPPFNPDEAPEYIGTVLFFNYINRMATILLGASPLPFTDGIMKNISMRLAAFFFSSAIHRTKQPGTSLDLLPNEPLPDDLAWAKPSPFVSGALARFSAAIEKAAETVLTEKTAGMVIDQLDRWDGSDPGISSSWCEHLLFRLNDSEKTVARLALLTAIAPWQISNEMVRAFSAYHSGDKALLSILSWSSLSAARRISRWLA

",CphCMD_DSM266_Carboxymuconolactone decarboxylase (peroxidase activity)
4319,,FjBCP01,Bacteroidetes/Chlorobi,Flavobacterium johnsoniae,Atypical 2-Cysteine peroxiredoxin (type BCP),complete,Filippo Passardi,">4319|FjBCP01| [Flavobacterium_johnsoniae]|Bacteroidetes/Chlorobi|Atypical_2-Cysteine_peroxiredoxin_(type_BCP)|complete|
MSLKIGDIVPNFTAKDSHGEVFESKNVLGRKPLVIYFYPKDNTPGCTTEACSFRDQYEDFKDLGAEVIGISADSVKSHHKFANKHQLPFILLSDEDKRLRHLFGVKNNLFGLIPGRVTFIIDRNGVVIYIFDSMNAAKHIPKALEIIKELVL

",FjBCP01_Atypical 2-Cysteine peroxiredoxin (type BCP)
4326,,GfoBCP01,Bacteroidetes/Chlorobi,Gramella forsetii,Atypical 2-Cysteine peroxiredoxin (type BCP),complete,Filippo Passardi,">4326|GfoBCP01| [Gramella_forsetii]|Bacteroidetes/Chlorobi|Atypical_2-Cysteine_peroxiredoxin_(type_BCP)|complete|
MKIGDEVPDLELKNQNGEKFRFSELKGKKAFVVYFYPKDFTPGCTKEACSFRDSYEDFKELGAEVIGISGDSSKSHSKFIDRYKLPYIFLSDKDKKARNVFGVKPSLLGLLPGRETFVFDKNGKLLHRFNSMSAGRHMPEALAVLKKNQN

",GfoBCP01_Atypical 2-Cysteine peroxiredoxin (type BCP)
4327,,PtorBCP01,Bacteroidetes/Chlorobi,Psychroflexus torquis,Atypical 2-Cysteine peroxiredoxin (type BCP),complete,Filippo Passardi,">4327|PtorBCP01| [Psychroflexus_torquis]|Bacteroidetes/Chlorobi|Atypical_2-Cysteine_peroxiredoxin_(type_BCP)|complete|
MSIEKGDSIPSFQLNDQNGIVFNSDDVIGKKPVVIYFYPKNFTPGCTKEACSFRDSYEDFKEIGAEVVGISGDSEKSHAKFTAKYNLPFILLADSTGKVRKKFGIKKSLLGLVPGRETFVIDAQGKLIFKFNSLDASQHMKKALKAIKKIN

",PtorBCP01_Atypical 2-Cysteine peroxiredoxin (type BCP)
4350,,CteBCP,Bacteroidetes/Chlorobi,Chlorobium tepidum,Atypical 2-Cysteine peroxiredoxin (type BCP),complete,Filippo Passardi,">4350|CteBCP| [Chlorobium_tepidum]|Bacteroidetes/Chlorobi|Atypical_2-Cysteine_peroxiredoxin_(type_BCP)|complete|
MALLQAGQKAPEFTAKDQDGKEVSLRDYTGRKVVLYFYPKDDTPGCTKEACAFRDNLPNFEKVDAVVLGVSVDGQKAHRKFADKYELPFTLLVDDEKKIVEAYGVWGLKKFMGREYMGTNRVTYLIDEQGTIEKVWSKVKPETHTAEVLDWLQQKT

",CteBCP_Atypical 2-Cysteine peroxiredoxin (type BCP)
4367,,GfoBCP02,Bacteroidetes/Chlorobi,Gramella forsetii,Atypical 2-Cysteine peroxiredoxin (type BCP),complete,Filippo Passardi,">4367|GfoBCP02| [Gramella_forsetii]|Bacteroidetes/Chlorobi|Atypical_2-Cysteine_peroxiredoxin_(type_BCP)|complete|
MTTLKEGDKAPDFKAEDQDGNEIKLSDYKGKKLVLFFYPKASTPGCTAEACNLSDNYDAMKKKGYEILGVSADSKKRQQNFKNKYDFKYPLLADEEKEVINAYGVWGPKKFMGKEYDGIHRTTFIINEEAKIEEVIKKVKTKAHAEQILEN

",GfoBCP02_Atypical 2-Cysteine peroxiredoxin (type BCP)
4383,,CphBCP_DSM266,Bacteroidetes/Chlorobi,Chlorobium phaeobacteroides,Atypical 2-Cysteine peroxiredoxin (type BCP),complete,Filippo Passardi,">4383|CphBCP_DSM266| [Chlorobium_phaeobacteroides]|Bacteroidetes/Chlorobi|Atypical_2-Cysteine_peroxiredoxin_(type_BCP)|complete|
MSLLQEGSVAPPITTIDQHGKNVTLHEYKGKKVVLYFYPKDDTPGCTKEACAFRDNLPNFNNLDAEILGVSVDSVEKHKKFAEKYTLPFRLLVDDEKKIVQDYGVWGLKKFMGKEYMGINRVTYLINEEGVIEKVWPKVSPAGHAEEILNYLQQKT

",CphBCP_DSM266_Atypical 2-Cysteine peroxiredoxin (type BCP)
4384,,CliBCP,Bacteroidetes/Chlorobi,Chlorobium limicola,Atypical 2-Cysteine peroxiredoxin (type BCP),complete,Filippo Passardi,">4384|CliBCP| [Chlorobium_limicola]|Bacteroidetes/Chlorobi|Atypical_2-Cysteine_peroxiredoxin_(type_BCP)|complete|
MALLEIGAEAPPITADDQYGKPVTLDAYRGKKVVLYFYPKDDTPGCTKEACAFRDNLPKFQETGIEVLGVSIDSKAKHSKFAEKYDLPFRLVADEEKRVVEAYGVWGKKKFMGKEYMGTNRVTYLIDEQGMIEKVWPKVTPAVHAEEILDYLGQQT

",CliBCP_Atypical 2-Cysteine peroxiredoxin (type BCP)
4385,,PlutBCP,Bacteroidetes/Chlorobi,Pelodictyon luteolum (Chlorobium luteolum),Atypical 2-Cysteine peroxiredoxin (type BCP),complete,Filippo Passardi,">4385|PlutBCP| [Pelodictyon_luteolum_(Chlorobium_luteolum)]|Bacteroidetes/Chlorobi|Atypical_2-Cysteine_peroxiredoxin_(type_BCP)|complete|
MTLLEPGTPAPPLYGRDQDGREVKLEEYLGKKVLIYFYPKDDTPGCTAEACAFRDNLPNFNTVGVEVIGVSVDPQARHRKFVDKYSLPFRLLADEEKKTVEAYGVWGQKKFMGREYMGTSRVSYLVDEQGRIEKVWPKVKAADHPLEVLEWLETKH

",PlutBCP_Atypical 2-Cysteine peroxiredoxin (type BCP)
4387,,CfeBCP,Bacteroidetes/Chlorobi,Chlorobium ferrooxidans,Atypical 2-Cysteine peroxiredoxin (type BCP),complete,Filippo Passardi,">4387|CfeBCP| [Chlorobium_ferrooxidans]|Bacteroidetes/Chlorobi|Atypical_2-Cysteine_peroxiredoxin_(type_BCP)|complete|
MAISILEEGTSAPAISALDQDGKPVTLEEYRGRKVILYFYPKDDTPGCTKEACAFRDNFPNFKALGVEVLGVSVDSEKKHKKFEEKYQLPFRLVADPEKSIVEAYGVWGQKKFMGREYMGTSRVTYLINEEGKIEKVWPKVNPSEHAEELLNYLQKKT

",CfeBCP_Atypical 2-Cysteine peroxiredoxin (type BCP)
4388,,PphBCP,Bacteroidetes/Chlorobi,Pelodictyon phaeoclathratiforme,Atypical 2-Cysteine peroxiredoxin (type BCP),complete,Filippo Passardi,">4388|PphBCP| [Pelodictyon_phaeoclathratiforme]|Bacteroidetes/Chlorobi|Atypical_2-Cysteine_peroxiredoxin_(type_BCP)|complete|
MPMSILQEGIPAPAIAAKDQDGKLVTLEEYRGRKVVLYFYPKDDTPGCTKEACAFRDNFPKFNSAGVEVLGVSIDDEGKHKKFSEKYQLPFRLVSDPDKRIVEAYGVWGLKKFMGREYMGTARVTYLINEEGIIEHVWPKVTPAQHAEELLNYLQQKT

",PphBCP_Atypical 2-Cysteine peroxiredoxin (type BCP)
4389,,CphaBCP,Bacteroidetes/Chlorobi,Chlorobium phaeovibrioides (Prosthecochloris vibrioformis),Atypical 2-Cysteine peroxiredoxin (type BCP),complete,Filippo Passardi,">4389|CphaBCP| [Chlorobium_phaeovibrioides_(Prosthecochloris_vibrioformis)]|Bacteroidetes/Chlorobi|Atypical_2-Cysteine_peroxiredoxin_(type_BCP)|complete|
MALLKEGGTAPDFTGIDQHGKSVSLSEYRGSKVLIYFYPKDDTPGCTAEACAFRDNLPNFNKLGVTVLGVSTDPEAKHRKFADKYSLPFRLVADSDKVIVQAYGVWGPKKFMGKEYMGTSRVSYMIDEDGLIAKVWPKVKPAVHPEEVLGWLQANK

",CphaBCP_Atypical 2-Cysteine peroxiredoxin (type BCP)
4391,,PaeBCP,Bacteroidetes/Chlorobi,Prosthecochloris aestuarii,Atypical 2-Cysteine peroxiredoxin (type BCP),complete,Filippo Passardi,">4391|PaeBCP| [Prosthecochloris_aestuarii]|Bacteroidetes/Chlorobi|Atypical_2-Cysteine_peroxiredoxin_(type_BCP)|complete|
MKLLAHGDPAPLFESVDQDGQPVKLVDYKGKKVILYFYPKDDTPGCTKEACAFRDNFPKFKEIGVEVLGVSVDSEKRHKKFTEKYDLPFRLVVDEEKTIVEHYGVWGLKKFMGREYMGTARVTYLINEEGVIDMVWPKVKPEKHASEIVAYLEQNN

",PaeBCP_Atypical 2-Cysteine peroxiredoxin (type BCP)
4392,,CphBCP_BS1,Bacteroidetes/Chlorobi,Chlorobium phaeobacteroides,Atypical 2-Cysteine peroxiredoxin (type BCP),complete,Filippo Passardi,">4392|CphBCP_BS1| [Chlorobium_phaeobacteroides]|Bacteroidetes/Chlorobi|Atypical_2-Cysteine_peroxiredoxin_(type_BCP)|complete|
MEVLEPGTPAPPFESIDQNGKTVTLEEYRGRKVILYFYPKDDTPGCTKEACAFRDNFPKFKKIGVEVLGVSIDSEKRHKKFVDKYELPFRLVVDEDKKIVQDYGVWRLKKFMGREYMGTARVTYLIDEHGSIQHVWPKVKPADHALELLEYIENAG

",CphBCP_BS1_Atypical 2-Cysteine peroxiredoxin (type BCP)
4393,,CchBCP,Bacteroidetes/Chlorobi,Chlorobium chlorochromatii,Atypical 2-Cysteine peroxiredoxin (type BCP),complete,Filippo Passardi,">4393|CchBCP| [Chlorobium_chlorochromatii]|Bacteroidetes/Chlorobi|Atypical_2-Cysteine_peroxiredoxin_(type_BCP)|complete|
MATSLLSVGTAAPEFSALDQNGQSVSLTEYRGRKVILYFYPKDDTPGCTKEACAFRDNFPTFNAIGVEVLGVSIDDGAKHKKFVEKYQLPFRLVADPDKTIVQAYGVWGLKKFMGKEYMGTNRVTYLINEEGVIEKVWPKVSPEKHAQELIAYLQPSA

",CchBCP_Atypical 2-Cysteine peroxiredoxin (type BCP)
4394,,ChBCP,Bacteroidetes/Chlorobi,Cytophaga hutchinsonii,Atypical 2-Cysteine peroxiredoxin (type BCP),complete,Filippo Passardi,">4394|ChBCP| [Cytophaga_hutchinsonii]|Bacteroidetes/Chlorobi|Atypical_2-Cysteine_peroxiredoxin_(type_BCP)|complete|
MTLTAGDKAPVFKGTDQDGNTISLKDFAGKKVVLYFYPKDNTPGCTKQACDLRDNYNALLKAGYVVIGVSTDSEKSHQKFIKKFELPFPLIADEDKTIHEQYGVWGEKSMYGKTYMGTLRTTFVIDEKGKIEEVISKVKTDDHTAQILK

",ChBCP_Atypical 2-Cysteine peroxiredoxin (type BCP)
4395,,FjBCP02,Bacteroidetes/Chlorobi,Flavobacterium johnsoniae,Atypical 2-Cysteine peroxiredoxin (type BCP),complete,Filippo Passardi,">4395|FjBCP02| [Flavobacterium_johnsoniae]|Bacteroidetes/Chlorobi|Atypical_2-Cysteine_peroxiredoxin_(type_BCP)|complete|
MTTLKAGDKAPNFSGTDQDGKTHKLADYAGKKLVVFFYPKASTPGCTAEACDLRDNFERFKANNYELLGVSADSQKAQSKFKDKYEFPFPLIADEDKAVINAFGVWGPKKFMGKEYDGIHRTTFVIDEKGIIEEVIEKVKTKEHASQILK

",FjBCP02_Atypical 2-Cysteine peroxiredoxin (type BCP)
4398,,PtorBCP02,Bacteroidetes/Chlorobi,Psychroflexus torquis,Atypical 2-Cysteine peroxiredoxin (type BCP),complete,Filippo Passardi,">4398|PtorBCP02| [Psychroflexus_torquis]|Bacteroidetes/Chlorobi|Atypical_2-Cysteine_peroxiredoxin_(type_BCP)|complete|
MLYFYTKIGIMTTLKAGDKAPNFEAKDQDGNIHSLKDYEGKKLVVFFYPKASTPGCTAEACNLRDNWKALQAQGYYILGVSADSQKRQQNFKNKYELPFPLLADEDKSVIEAFGVWGPKKFMGKEYDGIHRTSFIIDENGVLDEVITKVKTKTHAEQIL

",PtorBCP02_Atypical 2-Cysteine peroxiredoxin (type BCP)
4435,,Gfo1CysPrx,Bacteroidetes/Chlorobi,Gramella forsetii,1-Cysteine peroxiredoxin,complete,Nicolas Rouhier,">4435|Gfo1CysPrx| [Gramella_forsetii]|Bacteroidetes/Chlorobi|1-Cysteine_peroxiredoxin|complete|
MSELKLGDKAPNFDAETSDGKINFHDYLGDSWGILFSHPADYTPVCTTELGTVANYKAKFKERDVKVIALSVDGLKSHEGWIKDINETQNTTVNFPIIADEDRKVSDLYGMIHPKADDTLTVRSVFVIAPDKSIKMTLTYPASTGRNFDELLRVIDSLQLTAYNKVATPANWKQGEDVVISPSVSNEEADKMFPKGYKVVKPYLRTTSQPELKK

",Gfo1CysPrx_1-Cysteine peroxiredoxin
4442,,Ptor1CysPrx,Bacteroidetes/Chlorobi,Psychroflexus torquis,1-Cysteine peroxiredoxin,complete,Nicolas Rouhier,">4442|Ptor1CysPrx| [Psychroflexus_torquis]|Bacteroidetes/Chlorobi|1-Cysteine_peroxiredoxin|complete|
MAHLRLGDIAPDFTAETTEGNISFHDWLGDQWGIIYSHPADFTPVCTTELGRTAQLKDEFDKRHVKVIALSVDPLKDHHEWIKDINETQNTTVNFPIIADSDRKVAELYDMIHPNASEKATVRSVFIVGPDKKIKLTLTYPASTGRNFDELLRVIDSLQLTANKKLATPADWKPGQDAIISPSVSDEEAKEQFPKYKAIKSYLRTTPTEK

",Ptor1CysPrx_1-Cysteine peroxiredoxin
4517,,BfrBCP,Bacteroidetes/Chlorobi,Bacteroides fragilis,Atypical 2-Cysteine peroxiredoxin (type BCP),complete,Filippo Passardi,">4517|BfrBCP| [Bacteroides_fragilis]|Bacteroidetes/Chlorobi|Atypical_2-Cysteine_peroxiredoxin_(type_BCP)|complete|
MNVGDKAPELLGINEKGEEVRLNNYKGRKIVLYFYPKDNTSGCTAQACSLRDNYAELRKAGYEVIGVSVDNEKSHQKFIEKNNLPFTLIADTDKKLVEQFGVWGEKKLYGRAYMGTLRTTFLINEEGVIERIIGPKEVKAKEHASQIL

",BfrBCP_Atypical 2-Cysteine peroxiredoxin (type BCP)
4518,,BtheBCP,Bacteroidetes/Chlorobi,Bacteroides thetaiotaomicron,Atypical 2-Cysteine peroxiredoxin (type BCP),complete,Filippo Passardi,">4518|BtheBCP| [Bacteroides_thetaiotaomicron]|Bacteroidetes/Chlorobi|Atypical_2-Cysteine_peroxiredoxin_(type_BCP)|complete|
MKNIGDKAPEVLGINEKGEEIRLSAYKGKKIVLYFYPKDSTSGCTAQACSLRDNYSELRKAGYEVIGVSVDSEKSHQKFIDKNNLPFTLIADTDKKLVEEFGVWGEKKLYGRAYMGTFRTTFLINEEGIIERIITPKEVKTKEHASQILNQ

",BtheBCP_Atypical 2-Cysteine peroxiredoxin (type BCP)
4523,,GfoAhpC,Bacteroidetes/Chlorobi,Gramella forsetii,AhpC like peroxiredoxin,complete,Christophe Dunand,">4523|GfoAhpC| [Gramella_forsetii]|Bacteroidetes/Chlorobi|AhpC_like_peroxiredoxin|complete|
MALVGRKFPNLSVDAMNEMGDTFKLNILEEAQKNNKKVLLFWYPKDFTFVCPTELHAFQNAMEEFEKRNVMVVGASCDTPEVHFAWLNTPKDNGGIEGVKYPILADSNRNLSSRLDILDIMSETYDDETGAITLEGDNVTYRATYLIDEEGTVFHEGVNHMPLGRNVNEFLRLIDAYTHVQEKGEVCPANWEEGKEAMNADREGVASYLSLN

",GfoAhpC_AhpC like peroxiredoxin
4644,,MmarAhpD,Bacteroidetes/Chlorobi,Microscilla marina,Alkylhydroperoxidase D,complete,Filippo Passardi,">4644|MmarAhpD| [Microscilla_marina]|Bacteroidetes/Chlorobi|Alkylhydroperoxidase_D|complete|
MSIFTFQLKSSQLLTPNYQLFSIFKHMIQEVASDLLQDLGVNPEDASVAFNTVVDGESRYIKDLRINLKNAFKAKNLSQKEAALIALSVAANEQNDILQKLFTAQAKTAEASEAEIAEAVACASLLAANNVFYRFRHFMNKDKYNTIPAGIKMQIMMKPVSGKEFFELMSLAISAVNGCEMCVTAHEKSLLELGATEERVFDAVRIASVVVSATKLIY

",MmarAhpD_Alkylhydroperoxidase D
4659,,ChAhpD,Bacteroidetes/Chlorobi,Cytophaga hutchinsonii,Alkylhydroperoxidase D,complete,Filippo Passardi,">4659|ChAhpD| [Cytophaga_hutchinsonii]|Bacteroidetes/Chlorobi|Alkylhydroperoxidase_D|complete|
MQILDHADSRYIRDLKVNVSNALVTAHISEKESALLALSIAANQKNNILISGFQKLSAEKGATIEEQNEAISCASLLAGNNVFYRFRHFQQKESYNTMQAKIKMNIMMKPVLGKEFFELISLAVSAVNGCEMCVNAHEHSVREMGATEERVWDAIRLAAVITSLDKVMS

",ChAhpD_Alkylhydroperoxidase D
4696,,Fj1CysPrx,Bacteroidetes/Chlorobi,Flavobacterium johnsoniae,1-Cysteine peroxiredoxin,complete,Christophe Dunand,">4696|Fj1CysPrx| [Flavobacterium_johnsoniae]|Bacteroidetes/Chlorobi|1-Cysteine_peroxiredoxin|complete|
MSTLRLGDIAPDFHAETTQGPINFHEWLGDSWGVLFSHPADFTPVCTTELGTVANYVPEFTKRNTKVIALSVDGLDSHKEWIKDINETQNTEVNFPIIADEDKKVANLYDMLHPNASDKFTVRSVFVIGPDKKIKLTLTYPASTGRNFDELLRVIDSLQLTANYSVATPANWKDGEDVVIAPAIPDSDIPAKFPKGHKPIKPYLRLTPQPNK

",Fj1CysPrx_1-Cysteine peroxiredoxin
4697,,Ch1CysPrx,Bacteroidetes/Chlorobi,Cytophaga hutchinsonii,1-Cysteine peroxiredoxin,complete,Christophe Dunand,">4697|Ch1CysPrx| [Cytophaga_hutchinsonii]|Bacteroidetes/Chlorobi|1-Cysteine_peroxiredoxin|complete|
MSLRLGDIAPDFKADTTEGPISFHEWLGDKWGVLFSHPADYTPVCTTELGATAKLKSEFEKRNVKVAALSVDGLESHKGWIKDINETQNTTVNFPIIADEDRKVAELYDMIHPNASEKFTVRSLFIIGNDKKIKLIITYPASTGRNFTEILRVIDSLQLTANYSVATPANWKDGEDVVITPAVKDEDIAAKFPKGYTRVKPYLRTTPQPNK

",Ch1CysPrx_1-Cysteine peroxiredoxin
4698,,ChAhpC,Bacteroidetes/Chlorobi,Cytophaga hutchinsonii,AhpC like peroxiredoxin,complete,Christophe Dunand,">4698|ChAhpC| [Cytophaga_hutchinsonii]|Bacteroidetes/Chlorobi|AhpC_like_peroxiredoxin|complete|
MQNRILSVGSAFPAFKKTAVVSIEKGKEFTEISSENLVNEDNQWTVMFWWPKDFTFVCPTEIAEFNNAFGDFRDRDTTLIGASTDSEFVHAAWRRDHEDLRGLKFPMLADTSKSLAEELGILEAAEKVALRATFIIDPQGIIRWVSVNDLNVGRNVKEVIRVLDALQTDELCPCNWEKGQETIHA

",ChAhpC_AhpC like peroxiredoxin
4742,,GfoCMD,Bacteroidetes/Chlorobi,Gramella forsetii,Carboxymuconolactone decarboxylase (peroxidase activity),complete,Filippo Passardi,">4742|GfoCMD| [Gramella_forsetii]|Bacteroidetes/Chlorobi|Carboxymuconolactone_decarboxylase_(peroxidase_activity)|complete|
MSKNYYDAADLRKFGEITEWSEELGTKFFDYYGKVFEEGALSAREKSLIALAVSHVVKCPYCIDAYTKDGLQRGITKEEMMEAVHAGAAIESGATLVHGVQMMNKYKKLSM

",GfoCMD_Carboxymuconolactone decarboxylase (peroxidase activity)
4743,,BBFL7CMD,Bacteroidetes/Chlorobi,Flavobacteria bacterium BBFL7,Carboxymuconolactone decarboxylase (peroxidase activity),complete,Filippo Passardi,">4743|BBFL7CMD| [Flavobacteria_bacterium_BBFL7]|Bacteroidetes/Chlorobi|Carboxymuconolactone_decarboxylase_(peroxidase_activity)|complete|
MDKTYYDPKDLRKFGKITEWSEELGTKFFDYYGQVFEEGELTAREKSLIALAVSHAVHCPYCIDAYTGDALKRGITKGEMMEAVHVAGAIQAGATLVHGVQMMNKVNKLEM

",BBFL7CMD_Carboxymuconolactone decarboxylase (peroxidase activity)
4749,,BtheAlkyPrxn02,Bacteroidetes/Chlorobi,Bacteroides thetaiotaomicron,Other alkylhydroperoxidase (no peroxidase activity),complete,Filippo Passardi,">4749|BtheAlkyPrxn02| [Bacteroides_thetaiotaomicron]|Bacteroidetes/Chlorobi|Other_alkylhydroperoxidase_(no_peroxidase_activity)|complete|
MNKLITTIACLICCIVYTQAQNKNNMLSKKEQSIAAISMYAARGNQDSLKVILARGLDCGLTVSEEKEVLTQLYAYCGFPRSMGALVTLMNLTKERAAQGIKDEAGREPSPVKSSDMFVVGGQNQLKLFGRPALGEVLTFAPALDQFLKAHLFGDIFSRDNLDWRTRELSTVAALSVLDGVKNELNTHIAHAKHNGVTQAQIDEVLIMAARCRNGMVLSESDEPAKTFQTDPTITVRKVFYKNRYDIMLCAEMYLPKDFNEAQHYAALIIGHPFGAVKEQCSGLYAQEMARRGYVTLAFDASYQGESGGEPRHTVSPDALVEDFSASVDWLGLQPFIDRNRIGVIGICGSGGFSVCAASLDPRIKALATVSMYDMGRATRNGLGDSMTDEQRRKLLDEVAEQRWKEAETGEARIRFGTPEKLLGNANAVQKEFFDYYRNPLRGYHPRYQGIRFTSQAALMNFYPFAMIKEISPRPVLFIAGEHAHSRYFSEDAYQEASEPKELYIVPGANHVDLYDRMDKIPFEKISEFFWYALR

",BtheAlkyPrxn02_Other alkylhydroperoxidase (no peroxidase activity)
4750,,BtheAlkyPrxn,Bacteroidetes/Chlorobi,Bacteroides thetaiotaomicron,Other alkylhydroperoxidase (no peroxidase activity),complete,Filippo Passardi,">4750|BtheAlkyPrxn| [Bacteroides_thetaiotaomicron]|Bacteroidetes/Chlorobi|Other_alkylhydroperoxidase_(no_peroxidase_activity)|complete|
MRKLFFIFVTVIGFLQIPMQSINAQSMKKEEVPQNISAFPLGKENTGFKQYFTGESWLAPLTGNKDLNVPMSNVTFEPGCRNNWHSHTGGQILIAVGGVGYYQERGKAARRLLPGDVVEIAPDIEHWHGAAPDSWFSHLAIGCNPQTNKNIWLEQVDDQQYAEATKDNGGTGLSATDPELDAIFGNFTKEVQQYGNLDTKTRLMVTLASNIASQAQTEYRMMLESALNAGITPIEIKEILYQAVAYAGMAKVMDFVGITNEALLAHGVRLPLEGQAVVSAETRFDKGLALQKSIFGERIDQMHKNAPENQKHIQRYLSANCFGDYQTRGGLDVKTRELLTFSILVSLGGCESQVKGHIQGNVNVGNNKDTLLAVVTQLLPYIGYPRTLNAIACLNEVIPEK

",BtheAlkyPrxn_Other alkylhydroperoxidase (no peroxidase activity)
4752,,BfrAlkyPrxn_ATCC25285,Bacteroidetes/Chlorobi,Bacteroides fragilis,Other alkylhydroperoxidase (no peroxidase activity),complete,Filippo Passardi,">4752|BfrAlkyPrxn_ATCC25285| [Bacteroides_fragilis]|Bacteroidetes/Chlorobi|Other_alkylhydroperoxidase_(no_peroxidase_activity)|complete|
MKTKVASLALLLTLIFPIMAKSQVKIQQTAGRDALGEFAPEFARLNDDILFGEVWSRNDLLSLRDRSIVTVVALMSQGLTDSSFKYHLESAKKNGVTRTEIAEILTHAAFYAGWPKAWAAFRMAKEVWTDGNADSVAASSLEAYAQTIIFPVGNPNDAYAKYFIGQSYTAPVVTDGVPVVNVTFEPGCRNNWHVHKATKGGGQTLVCVGGRGYYQEWGKEPVELRPGDAINIPAGVKHWHGAAPDSWFSHLAIEVPGENNSTEWLEPVGDEEYSKLK

",BfrAlkyPrxn_ATCC25285_Other alkylhydroperoxidase (no peroxidase activity)
4753,,BfrAlkyPrxn_YCH46,Bacteroidetes/Chlorobi,Bacteroides fragilis,Other alkylhydroperoxidase (no peroxidase activity),complete,Filippo Passardi,">4753|BfrAlkyPrxn_YCH46| [Bacteroides_fragilis]|Bacteroidetes/Chlorobi|Other_alkylhydroperoxidase_(no_peroxidase_activity)|complete|
MNKVFLFLLFSFLTITSMAQEKIKQTAGRDQLGDFAPKFAELNDDVLFGEIWSRTDKLSLRDRSLVTITSLISQGITDNSLTFHLQSAKNNGISRTEISEIITHIGFYAGWPKAWAAFRLAKEVWAKDTTGVDAKAAFQREMIFPIGEPNTAYAQYFTGNSYLAPISHEQVNISNVTFEPGCRNNWHVHHAKKGGGQMLIGIAGRGWYQEEGKPAVEILPGTVIHIPANVKHWHGATAESWFAHLAFEIPGEDSSNEWLEPVTNKEYNRLPQ

",BfrAlkyPrxn_YCH46_Other alkylhydroperoxidase (no peroxidase activity)
4760,,FjCMD,Bacteroidetes/Chlorobi,Flavobacterium johnsoniae,Carboxymuconolactone decarboxylase (peroxidase activity),complete,Filippo Passardi,">4760|FjCMD| [Flavobacterium_johnsoniae]|Bacteroidetes/Chlorobi|Carboxymuconolactone_decarboxylase_(peroxidase_activity)|complete|
MSDLVQEFNDYRSKMNEKLLADNNKIVKRIFNLDTNAYAPGALDVKTKELLGLVASAVLRCDDCVKYHLETSYKEGISKEEMMEAMGIATLVGGTIVIPHLRRAYEFWEALEEAGK

",FjCMD_Carboxymuconolactone decarboxylase (peroxidase activity)
4761,,MmarCMD,Bacteroidetes/Chlorobi,Microscilla marina,Carboxymuconolactone decarboxylase (peroxidase activity),complete,Filippo Passardi,">4761|MmarCMD| [Microscilla_marina]|Bacteroidetes/Chlorobi|Carboxymuconolactone_decarboxylase_(peroxidase_activity)|complete|
MEKNIVEEFNTYRAQMNEKILGADNKVLKRLFNLDTNCYQEGQVDVITKEMIGMACSMVLRCDDCVRYHLGKCYELEVTTEQVFEVFAIANLIGGTIVIPHLRRAVEYWETLQQNQGK

",MmarCMD_Carboxymuconolactone decarboxylase (peroxidase activity)
4762,,PtorCMD,Bacteroidetes/Chlorobi,Psychroflexus torquis,Carboxymuconolactone decarboxylase (peroxidase activity),complete,Filippo Passardi,">4762|PtorCMD| [Psychroflexus_torquis]|Bacteroidetes/Chlorobi|Carboxymuconolactone_decarboxylase_(peroxidase_activity)|complete|
MMDLVDEFEAYRAKMNGKILDENNKVLKRIFNLDTNSFTEGALDVKTKELLGLVSSLVLRCDDCVKYHLESSYKEGLKRAQIVEALSIGTLVGGTIVIPHLRRAFEYWEALEQKFGKTE

",PtorCMD_Carboxymuconolactone decarboxylase (peroxidase activity)
5000,,ChDiHPOX,Bacteroidetes/Chlorobi,Cytophaga hutchinsonii,Other di-haem peroxidase,complete,Filippo Passardi,">5000|ChDiHPOX| [Cytophaga_hutchinsonii]|Bacteroidetes/Chlorobi|Other_di-haem_peroxidase|complete|
MSEHIAFLSPAYFFVSSQTLYEDMNLSIRVFLILTSVLFCCSAVYNITEKPYVLNIPEGFPQPYIPEDNALTYARIELGKKLFYDTLLSSDRSVSCSSCHLQTMGFTDGKTLSTGVNQRVSDRNGMPLINLAWSNAFFWDGGVPSLELQVLKPLTSPNEMNLPVQEAVNRLNADHVYKKLFKKAYGTNPDAASLFKAIASFERTLISADTKFDAYFYKKDPAAFNESELRGYKLFFGGDKVHCGSCHSGINLTNNSFQNNGLYMEYSDQGRYRITGKESDKGKFKVPTLRNIALTAPYMHDGSLKTLEEVIDHYNTGGISHPNKSEHVHIHKGMKLNTQDKKDLVSFLHTLTDMTFITNKAFRPE

",ChDiHPOX_Other di-haem peroxidase
5034,,CphDiHCcP,Bacteroidetes/Chlorobi,Chlorobium phaeobacteroides,Di-haem cytochrome C peroxidase,complete,Filippo Passardi,">5034|CphDiHCcP| [Chlorobium_phaeobacteroides]|Bacteroidetes/Chlorobi|Di-haem_cytochrome_C_peroxidase|complete|
MKIHSIAAGVLVIGVMASCAKAPPPVNEPLPVEQPKTPVLQPKTNEPIQPVEDAKVTDPAMVELGKQLFFDPRLSKSGFISCNSCHNLSMGGSDNLKSSIGHKWNKGPINSPTVLNSSMNLAQFWDGRAKDLKEQAGGPIANPGEMAFTHELAIEVLQSIPGYAEEFKKVFGVDKIDIDQITRAIAAFEETLVTPNSRFDKWLKGDDAAITQNEREGYELFKSSGCTACHNGPALGGNSYQKMGVVEPYKGSTNAVGRSAVTGKDADRFNFKVPTLRNIELTYPYFHDGEAATMAKAVEVMGQIQLGKTFTPDENAKIVAFLKSLTGDQPKFVLPLLPPSSDTTPPPAPFK

",CphDiHCcP_Di-haem cytochrome C peroxidase
5040,,PphDiHCcP,Bacteroidetes/Chlorobi,Pelodictyon phaeoclathratiforme,Di-haem cytochrome C peroxidase,complete,Filippo Passardi,">5040|PphDiHCcP| [Pelodictyon_phaeoclathratiforme]|Bacteroidetes/Chlorobi|Di-haem_cytochrome_C_peroxidase|complete|
MKTHFLVVALLAAGTLSSCAKKPQPEAATPPAPVAAPPAAPVLQPKTGEPVAPVEAPKVADQAMVELGKKLFFDPRLSKSGFISCNSCHNLSMGGSDNLKSSIGHKWKQGPINSPTVLNSSMNLAQFWDGRAKDLKEQAGGPIANPGEMGFTHDLAVTVLQSIPAYVDEFKKVFQADTIDIDKVTTAIAAFEETLVTPNARFDKWLRGDDAAITKEELAGYELFKSSGCTACHNGVALGGNSFQKMGAVEPYKTKNPASGRSAVTKDDADRFKFKVPTLRNVELTYPYFHDAGAATLSKAVEVMGQIQLGKTFTVEENANIVAFLKSLTGDQPKFELPQLPPSSDTTPLPQPFGK

",PphDiHCcP_Di-haem cytochrome C peroxidase
5050,,PaeDiHCcP,Bacteroidetes/Chlorobi,Prosthecochloris aestuarii,Di-haem cytochrome C peroxidase,complete,Filippo Passardi,">5050|PaeDiHCcP| [Prosthecochloris_aestuarii]|Bacteroidetes/Chlorobi|Di-haem_cytochrome_C_peroxidase|complete|
MKLTTFLGALTTLAVTTSCTPDTEQQNNSKSAQKPAAEQEISVMRNEPVKPLEPAIITDTAMVELGKKLYFDPRLSLSGFISCNSCHNLSMGGSDNLKSSIGHKWSRGPINSPTVLNSNLNLAQFWDGRAKDLKEQAGGPIANPGEMAFTHELAVELLQSIPGYVDEFHQVFATTSIDIDQVTTAIAAFEETLVTPDSRFDLWLKGDDSAINETELKGYALFKSSGCSACHNGPALGGNSFQKMGLVAPYKATSPVEGRSAVTGKDADRFSFKVPTLRNVELTYPYFHDGEAETLAEAVEIMGRIQLGRTFTEEENEQIVAFLKTLTGTQPRMELPLLPPSSDTTPRPDPFSD

",PaeDiHCcP_Di-haem cytochrome C peroxidase
5053,,CchDiHCcP,Bacteroidetes/Chlorobi,Chlorobium chlorochromatii,Di-haem cytochrome C peroxidase,complete,Filippo Passardi,">5053|CchDiHCcP| [Chlorobium_chlorochromatii]|Bacteroidetes/Chlorobi|Di-haem_cytochrome_C_peroxidase|complete|
MKKHQMLAATLLAVGVLTSCSKKSEPVPEPAPVPPPAPVLQPRTGEPAQPIEAPTVADAGMVELGKKLFFDPRLSKSGFISCNSCHNLSMGGSDNLKSSIGHKWQQGPINSPTVLNSSMNLAQFWDGRAKDLKEQAGGPIANPGEMAFTHELAINVLKTVPGYVDEFKKVFKSDSLSIDQVTQAIASFEETLVTPNSRFDKWLKGDDAALTAEELAGYQLFKSSGCTACHNGVALGGNSFQKMGVVQPYRSTNKAAGRFAVTKDNADRFAFKVPTLRNVELTYPYFHDGAAPTLAKAVEIMGQVQLGRTFTPEENGSIVAFLKTLTGDQPSFSLPQLPPSSDTTPAPQPFGK

",CchDiHCcP_Di-haem cytochrome C peroxidase
5058,,CliDiHCcP,Bacteroidetes/Chlorobi,Chlorobium limicola,Di-haem cytochrome C peroxidase,complete,Filippo Passardi,">5058|CliDiHCcP| [Chlorobium_limicola]|Bacteroidetes/Chlorobi|Di-haem_cytochrome_C_peroxidase|complete|
MHLRQIISGIAVLSVTASCAPTPQVEKKSEPAETLNVEVPKPRAGEPVSPISAATVSNAEMVELGKKLFFDPRLSKSGFISCNSCHNLSMGGSDNLKSSIGHKWNKGPINSPTVLNSSMNLAQFWDGRAKDLKEQAGGPIANPGEMAFTHELAVGVLQSIPGYVDEFKKVFGSDQITIDQITQAIAAFEETLVTPGSRFDKWLLGDDNAITKDEREGYELFKSSGCTACHNGPALGGNSYQKMGVVEPYKAASKVEGRSAVTGKDADRFNFKVPALRNVALTYPYFHDGEAATLAKAIDVMGQIQLGKRFTPEENAKIVAFMKTLTGKQPVFELPVLPPSSDTTPAPEPFGK

",CliDiHCcP_Di-haem cytochrome C peroxidase
5061,,PlutDiHCcP,Bacteroidetes/Chlorobi,Pelodictyon luteolum (Chlorobium luteolum),Di-haem cytochrome C peroxidase,complete,Filippo Passardi,">5061|PlutDiHCcP| [Pelodictyon_luteolum_(Chlorobium_luteolum)]|Bacteroidetes/Chlorobi|Di-haem_cytochrome_C_peroxidase|complete|
MIRPRASMPGLSGMRVAAGALMNLKKLKKHITMNATSRLFAAAAFSVLAACSEGGQTPRSSSLRSEPVAPVAAARVDDPELVELGRKLYFDPRLSKSGFISCNSCHNLSMGGSDNLKSSIGHNWSKGPINAPTVLNSSMNLAQFWDGRAKDLQEQAGGPIANPGEMAFTHKLAVDMLLSIPAYVDEFREVFGAEGIDIKKVTKAIAAFEETLVTPGSRFDFWLKGDDRALSAEELEGYQLFKSSGCTACHNGPLFGGNSYQKMGVIEPYSAKSPAEGRSAVTGRDADRFNFKVPTLRNVELTYPYFHDGEAETLTEAVEVMGRIQLGRTYSESDNRKIVAFLKTLTGKQPEIMLPLLPPSSDSTPRPTPFE

",PlutDiHCcP_Di-haem cytochrome C peroxidase
5066,,CfeDiHCcP,Bacteroidetes/Chlorobi,Chlorobium ferrooxidans,Di-haem cytochrome C peroxidase,complete,Filippo Passardi,">5066|CfeDiHCcP| [Chlorobium_ferrooxidans]|Bacteroidetes/Chlorobi|Di-haem_cytochrome_C_peroxidase|complete|
VELGKKLFFDPRLSKSGFISCNSCHNLSMGGSDNLKSSVGHKWNQGPINSPTVLNSGMNLAQFWDGRAKDLKEQAGGPIGNPGEMSFTHDLAVSVLQSIPAYVDEFKKVFNADTIDIDKVTTAIAAFEETLVTPNARFDKWLNGDDAAITKEELAGYELFKSSGCTNCHNGPALGGNSFQKMGIVTPFMTKSKVVGRIAVTKDIADRFKFKVPTLRNVELTYPYFHDGSAQTLSKAVEVMGQIQLGKTYTPEENASLVAFLKSLTGDQPKFELPQLPPSSDTTPAPQPFGK

",CfeDiHCcP_Di-haem cytochrome C peroxidase
5352,,AlmacCP01,Bacteroidetes/Chlorobi,Algoriphagus machipongonensis,Catalase peroxidase,complete,Christophe Dunand,">5352|AlmacCP01| [Algoriphagus_machipongonensis]|Bacteroidetes/Chlorobi|Catalase_peroxidase|complete|
MEKHHSHSNGSSFETNSEGGKCPFTGGTMQHSAGGGTRNRDWWPNSLNLGILRQHSSLTNPMDKDFNYAEEFKTLDLETVKKDIVETLTTSQDWWPADFGHYGPFMIRMAWHSAGTYRIADGRGGGGAGAQRFAPLNSWPDNANLDKARLLLWPIKQKYGRKLSWADLMILAGNCALESMGLKTFGFGGGREDIWEPEEDVYWGSEGEWLGDKERYSGDRELENPLGASHMGLIYVNPEGPEGKPDPIGAARDIRETFGRMAMNDYETVALIAGGHTFGKTHGAGDADKYVAAEPAGAPIEEMSLGWKNTLGKGNAEDTITSGIEVTWTTTPTQWSNNFFENLFGYEWELTKSPGGAHQWRPKDGGGAGTVPDAHIPGKKHAPAMLTTDLALKFDPEYEKISRHFYENPDEFADAFARAWFKLTHRDMGPLALYLGPEVPKEELIWQDPIPKVNHKLVEASDIASLKAKILDAGLSVSELVSTAWASASTFRGGDKRGGANGARIRLEPMKNWEVNNPSQLSKVLKTLEGIQSDFNASQSDGKKVSLADLIVLGGCAAVEKAAKAGGHDIEVSFSPGRSDASQEQTEIESFDALEPAADGFRNYYKPKHKASAEELLVDKAQTLTLTAPEMTVLVGGMRVLKANFDNSKHGVFTSTPGSLTNDFFKNVLDLNTTWSATTDSQSIFVGSDRKTGEPKWTGTRVDLIFGSNSELRALSEVYACADSDKKFVKDFVAAWNKVMNLDRFDLK

",AlmacCP01_Catalase peroxidase
5516,,BcaMnCat,Bacteroidetes/Chlorobi,Bacteroides caccae,Manganese Catalase,complete,Dominique Koua,">5516|BcaMnCat| [Bacteroides_caccae]|Bacteroidetes/Chlorobi|Manganese_Catalase|complete|
MFYHVKDLQFNARVSRPDPRFARILLEAFGGANGELTSALQYFVQAFSCHNPFPDKYDMLMDIATEELAHLEIVGATIQMLLGPVNGEMKDAAETMEIRKLMDGKSAKEEFIQQAFTNPQCVVVAPGSPMLTDSNGNPWCGSYVSANAELTVDLQSNMANECRAKIGYENLLKFTEDPSVRETLIFLMTREVTHFQQFEAALNTIQPNFPPAVLQTSPKYSNLYFNLSKGEEFRGPWNEGQSSRLKEEWQYIDNSLEEVRKTNGLVDRKPEGTERTEKQVAQMDKQLSDERSNEVLSATPEKELMWCDYQKSEKSSKK

",BcaMnCat_Manganese Catalase
5517,,BcapMnCat,Bacteroidetes/Chlorobi,Bacteroides capillosus,Manganese Catalase,complete,Dominique Koua,">5517|BcapMnCat| [Bacteroides_capillosus]|Bacteroidetes/Chlorobi|Manganese_Catalase|complete|
MFVYEKKLQYPVKISTPNPRLASFIISQYGGPDGELGASIRYLSQRYAMPYPELKGLLTDIGTEELGHLEMIGAIVHQLTRGLNDQQVREGGFAPYFVDHTTGVYPTAASGSPWNAAGIGVKGDVICDLTEDMAADGALASARIFSPPLLSPVLRFISCQRKGGFILNDAIYCKNVFQNESSTPDGAAYTRIWLELVRRAVERDICLETQVPDGDA

",BcapMnCat_Manganese Catalase
5528,,PdiDyPrx,Bacteroidetes/Chlorobi,Parabacteroides distasonis,DyP-type peroxidase B,complete,Christophe Dunand,">5528|PdiDyPrx| [Parabacteroides_distasonis]|Bacteroidetes/Chlorobi|DyP-type_peroxidase_B|complete|
MNSLQNPLNANYPQDVTQKPGENAVFIVYALKDLPDTIDKVKDVCANFSALIRSMRNRYPDMQFSCTIGFGADAWKRFFPEQGNPKELQPFEEIKGVKLTAVSTPGDLLFHIRCKQMGLCFEFASIIDQKLRGVVESIDETHGFRYRDGKAIIGFVDGTENPAVDEDPYRFAVIGDEDPEFMGGSYVFVQKYIHDMVAWNALPVEEQEKVIGRRKFNDVELSDEEKPKNAHNAVTNIGDDLKIVRANMPFAHTSKGEYGTYFIAYASTFSTTRRMLENMFVGDPVGNTDRLLDFSTPITGTLFFVPSYELLDKLGE

",PdiDyPrx_DyP-type peroxidase B
5529,,BfrDyPrx,Bacteroidetes/Chlorobi,Bacteroides fragilis,DyP-type peroxidase B,complete,Christophe Dunand,">5529|BfrDyPrx| [Bacteroides_fragilis]|Bacteroidetes/Chlorobi|DyP-type_peroxidase_B|complete|
MNSHQELFGGNIPQDVTGKQGENAIFIVYGLKQSDNTIKQVKDLCANFSALIRSMRNRFPEMQFSCTIGFGADAWKQLFPEQGNPKELKTFETIKGAKYTAVSTPGDILLHIRAKQMGLCFEFASIIDEKLKGVVDSIDETHGFRYMDGKAIIGFVDGTENPAVDENPYHFAVIGDEDPDFIGGSYIFVQKYIHDMTTWNSLPVEAQEKVIGRHKYNDVELSDEEKPQNAHNAVTNIGDDLKIVRANMPFANTSKGEYGTYFIGYASTFSTTHKMLENMFIGDPVGNTDRLLDFSTPITGTLFFAPSYDLLAKLGE

",BfrDyPrx_DyP-type peroxidase B
5530,,BtheDyPrx,Bacteroidetes/Chlorobi,Bacteroides thetaiotaomicron,DyP-type peroxidase B,complete,Christophe Dunand,">5530|BtheDyPrx| [Bacteroides_thetaiotaomicron]|Bacteroidetes/Chlorobi|DyP-type_peroxidase_B|complete|
MNPFQNSFGGHIPQDVAGKQGENVIFIVYNLTDSPDTVDKVKDVCANFSAMIRSMRNRFPDMQFSCTMGFGADAWTRLFPDKGKPKELSTFSEIKGEKYTAVSTPGDLLFHIRAKQMGLCFEFASILDEKLKGAVVSVDETHGFRYMDGKAIIGFVDGTENPAVDENPYHFAVIGEEDADFAGGSYVFVQKYIHDMVAWNALPVEQQEKVIGRHKFNDVELSDEEKPGNAHNAVTNIGDDLKIVRANMPFANTSKGEYGTYFIGYASTFSTTRRMLENMFIGSPAGNTDRLLDFSTAITGTLFFVPSYDLLGELGE

",BtheDyPrx_DyP-type peroxidase B
5560,,PtorHalNPrx,Bacteroidetes/Chlorobi,Psychroflexus torquis,"No haem, no metal haloperoxidase",complete,Dominique Koua,">5560|PtorHalNPrx| [Psychroflexus_torquis]|Bacteroidetes/Chlorobi|No_haem,_no_metal_haloperoxidase|complete|
MSDLNTSSLEKSMAIKLSYSDYGKGQPVILIHGWPLNQKMWEYQVEALVHSGYRVITYDRRGFGESSKPWEKYDYDSLAKDLKDLIETLKLKDSILVGFSMGGGEVARYIGNYGTSSIAKAILVSSVTPFMMDTEDNKGVDSSVFEGMKEGISKDRPQFFKDFGKNFYNYETFKGDRISEAMLDFTWNLAMQGSRKATLDCVDSFGKTDFREDCKKFDVPTLIVHGDADQIVPIEVSAKKAKSLIFNAQLKVIKEAPHGLVITHHSEFNSILLNFLKGE

","PtorHalNPrx_No haem, no metal haloperoxidase"
5561,,GfoHalNPrx,Bacteroidetes/Chlorobi,Gramella forsetii,"No haem, no metal haloperoxidase",complete,Dominique Koua,">5561|GfoHalNPrx| [Gramella_forsetii]|Bacteroidetes/Chlorobi|No_haem,_no_metal_haloperoxidase|complete|
MSFIETTSKEKGKNINLFYEDYGEGKPVILIHGWPLSHRMWEYQVNAVVDAGFRCIAYDRRGFGESDKPWSNYDYDSLAKDLNDIITNLSLSEVTIVGFSMGGGEVARYIGNYGTSKLSKAALISAVPPFMLKTDDNPDGLEKDVFEGFKEEIKKDRPAFLKGFGKQFVNFEKVGDRISEEMADYYWSIACKGSPNATLECIDSFGLTDFRKDLEKFDVPTLVVHGDADQIVPIKISGKKSAEMISKSEYHVIEEAPHGLVLTHTAEFNKIFTDFLKS

","GfoHalNPrx_No haem, no metal haloperoxidase"
5562,,MmarHalNPrx,Bacteroidetes/Chlorobi,Microscilla marina,"No haem, no metal haloperoxidase",complete,Dominique Koua,">5562|MmarHalNPrx| [Microscilla_marina]|Bacteroidetes/Chlorobi|No_haem,_no_metal_haloperoxidase|complete|
MTNVINSAFHPINFPKPTLISVNGIALEVFEAGRQNAGKPIVLCHGWPEHAFSWRHQVPALVAAGYQVIVPNQRGYGNSSCPTEVTDYDLEHLTGDLVALLDHYGYQEATFIGHDWGAMVVWGMTLLHPNRVNKVINLSLPYQERGEKPWIEFMEDVLGNDYYFVHFNRQPGIADAVLEENTSQFLRNLYRKNKPLRAPQPGMEMINLAKAKTPLGEPIMNNSELAVFVSAFETSGFTGSINWYRNLDRNWQLLADVDPVIQQPTLMIYGNHDLIPKFERLPEFVPKVEVISLDCGHWIQQELPEETNRAILKWLEQQEAS

","MmarHalNPrx_No haem, no metal haloperoxidase"
5801,,PEspCP01,Bacteroidetes/Chlorobi,Pedobacter sp. BAL39,Catalase peroxidase,complete,Marcel Zamocky,">5801|PEspCP01| [Pedobacter_sp._BAL39]|Bacteroidetes/Chlorobi|Catalase_peroxidase|complete|
MEKESNDISKCPFHNGSMKHNVGGGGTRNHDWWPNQLKLAILRQHSSLSDPMGEDFDYAEAFEKLDLEAVKQDLHALMTDSQDWWPADFGHYGGLFIRMAWHSAGTYRVGDGRGGAGAGLQRFAPLNSWPDNVSLDKARRLLWPIKQKYGRNISWADLMILTGNIALESMGFKTFGFAGGRADVWEADESVYWGSETTWLGGDLRYAHGSPGVDGGGVLVSDDDADGDVHTRDLEKPLAAVQMGLIYVNPEGPDGNPDPVAAAKDIRDTFGRMAMNDEETVALIAGGHSFGKTHGAAPSDNVGKEPEAVDLDMQGLGWNNSYGSGKGPDTITSGLEVTWTTTPTQWSNNFFENLFGFEWQLSKSPAGAHQWVAKNAEPIIPDAYDSTKKHWPTMLTTDLALRFDPSYEKISRRFLENPDAFADAFARAWFKLTHRDMGPRARYLGPDVPEEILMWQDPIPAVDHTLVSDADVAALKAKVLESGLSVSELVSTAWASASTFRGSDKRGGANGARIRLAPQKYWQVNNPSQLQRVLDVLEGIQAAFNAAPEDGRKISLADLIVLAGTAAVEKAAKDAGHDVTVPFSAGRMDASQEQTDVESFGYLEPAADGFRNYRRSKVPVSTEELLIDKAHLLTLTAPELTVLVGGLRVLNINFDGSRHGAFTARPGILSNDFFVNLLDMATVWKAASPDKEVYEGSDRNTGALKWTGTRADLVFGSNSELRAIAEVYASADSQDKFIHDFVAAWNKVMNLDRFDLN

",PEspCP01_Catalase peroxidase
5993,,BfrTPx01,Bacteroidetes/Chlorobi,Bacteroides fragilis,Thioredoxin-dependent thiol peroxidase,complete,Christophe Dunand,">5993|BfrTPx01| [Bacteroides_fragilis]|Bacteroidetes/Chlorobi|Thioredoxin-dependent_thiol_peroxidase|complete|
MATTNFKGQPVKLIGEFIQVGKVAPDFELVKSDLSSFALKDLKGKNIVLNIFPSLDTGVCATSVRKFNKMAAGMKDTVVLAISKDLPFAQGRFCTTEGIENVIPLSDFRFSDFDESYGVRMADGPLAGLLARAVVVIGKDGKVAYTELVPEITQEPDYEKALAAVK

",BfrTPx01_Thioredoxin-dependent thiol peroxidase
5997,,BfrTPx02,Bacteroidetes/Chlorobi,Bacteroides fragilis,Thioredoxin-dependent thiol peroxidase,complete,Christophe Dunand,">5997|BfrTPx02| [Bacteroides_fragilis]|Bacteroidetes/Chlorobi|Thioredoxin-dependent_thiol_peroxidase|complete|
MAKTAFKGTPVTLAGEFVKAGTSAPEFTLVKGDLSNYTLKDGKGKYLILNIFPSMDTGVCATSVRKFNQLAANQPNTVVLAISKDLPFAQGRFCTTEGITNVIPLSDYRYTSDFAEKYGVLMTDGPLAGLLARSVVVIDPEGKVVYTELVPEITQEPNYEAALKAVK

",BfrTPx02_Thioredoxin-dependent thiol peroxidase
5998,,BtheTPx01,Bacteroidetes/Chlorobi,Bacteroides thetaiotaomicron,Thioredoxin-dependent thiol peroxidase,complete,Christophe Dunand,">5998|BtheTPx01| [Bacteroides_thetaiotaomicron]|Bacteroidetes/Chlorobi|Thioredoxin-dependent_thiol_peroxidase|complete|
MATTNFKGQPVKLIGEFIQVGKVAPDFELVKTDLSSFSLKDLNGKNVILNIFPSLDTSVCATSVRKFNKMGAGLKDTVVLAISKDLPFAHARFCTTEGIENVIPLSDFRFSDFDESYGLRMADGPLAGLLARAVVVIGKDGKVAYTELVPEITQEPDYDKALAAVKE

",BtheTPx01_Thioredoxin-dependent thiol peroxidase
6000,,PginTPx01,Bacteroidetes/Chlorobi,Porphyromonas gingivalis,Thioredoxin-dependent thiol peroxidase,complete,Christophe Dunand,">6000|PginTPx01| [Porphyromonas_gingivalis]|Bacteroidetes/Chlorobi|Thioredoxin-dependent_thiol_peroxidase|complete|
MSLKIFLTALSVMATVTLQGKININTNGQLPGVGSVAPDFKAVRADLSEVSLSEFKGKRVVINIFPSIDTGVCAASVRRFNQEASSLDNTVVLCLSKDLPFAQARFCGAEGLDKVITVSAFRCDCFEKGYGLLMTDGPLKGLLARAVVVVDENGKIIYEELVPEITQEPNYEAAIAALK

",PginTPx01_Thioredoxin-dependent thiol peroxidase
6013,,FjTPx,Bacteroidetes/Chlorobi,Flavobacterium johnsoniae,Thioredoxin-dependent thiol peroxidase,complete,Christophe Dunand,">6013|FjTPx| [Flavobacterium_johnsoniae]|Bacteroidetes/Chlorobi|Thioredoxin-dependent_thiol_peroxidase|complete|
MASITLGGNPVHTSGELPAVGSKLADFKLVQNDLSVASLSTFAGKKLVLNIFPSVDTGTCATSVRTFNASASGLENTTVLCISRDLPFAQKRFCGAEGLENVVNLSDFQTGAFGKANGLEIVDGPLAGLHSRAIIVVDADGTITHTEQVAEIANEPNYEAALAAL

",FjTPx_Thioredoxin-dependent thiol peroxidase
6203,,RbCP01,Bacteroidetes/Chlorobi,Robiginitalea biformata,Catalase peroxidase,complete,Marcel Zamocky,">6203|RbCP01| [Robiginitalea_biformata]|Bacteroidetes/Chlorobi|Catalase_peroxidase|complete|
MGKDNQAKSKDIHAHTAQDGQAWDVNESSAANCPFLNGELHQAAGGGTTNRDWWPNSLNLNILRQHSELADPMDKDFNYAEAFKSLDLEAVKKDLRELMTDSQDWWPADYGHYGPFFIRMAWHAAGTYRISDGRGGGGTGAQRFAPLNSWPDNANLDKARMLLWPIKQKYGKKLSWADLLILTGNVAHESMGLPMYGFAGGREDIWQPEEDIYWGSETEWLGNKERYNEDGELERTMGAAHMGLIYVNPEGPNGKPDPEAAAHDIRVTFGRMAMNDYETVALIAGGHTFGKTHGAAPDTEYLEAEPAGANIEMQSLGWKNNFGSGMGSDTITSGLEGAWTDTPIQWSHKYLENLFNYEWELTKSPAGAWQFKPKDGAGAGTVPDAHDPEKKNDPFMLVTDLALRMDPDYEKISRHFLENPEEFKEAYQKAWFKLTHRDMGPKSRYLGPEVPEEDLIWQDPIPAADFDLIDQQDIESLKAEILDSGLTVSQLVGAAWASASTFRGSDKRGGANGGRVRLEPQVQWEVNNPVQLGKVLDGLTKIQKAFNDSQSGNKQVSMADLIVLGGCAAVEKAAKDAGHDIRVPFTPGRTDATQEMTDVEAFDHLRPVADGFRNYQQQKFSARTEELLVDKAQLLTLTAPEMTVLVGGMRALNANYNGSKHGVFTERPEVLTNDFFVNLLDMRTTWKAVSEDEEFFEGRDRKSGNVKWTATRADLIFGSNTELRAIAEVYACSDSGEKFVRDFVKAWDKVMNLDRFELA

",RbCP01_Catalase peroxidase
6253,,GfoCP01,Bacteroidetes/Chlorobi,Gramella forsetii,Catalase peroxidase,complete,Marcel Zamocky,">6253|GfoCP01| [Gramella_forsetii]|Bacteroidetes/Chlorobi|Catalase_peroxidase|complete|
MGNNKSGSEDNHKVWEVNESSKCPFMGGALNKTAGKGTSNRDWWPNQLNLNILRQNSSLINPMDDGFNYAEAFKSLDLNAVKQDIYDLMTNSQDWWPADYGHYGPFFIRMAWHSAGTYRIGDGRGGAGSGQQRFAPLNSWPDNANLDKARLLLWPVKKKYGKNLSWADLLVLAGNCAHESMGLKMFGFAGGREDVWEPAQDVYWGAETEWLNNDERYAGEELENPLGAAHMGLIYVNPEGHNGNPDPVEAASYIRETFGRMAMNDYETVALIAGGHTFGKTHGAADAEEYVEAEPAAAGIESQGLGWKNTFGTGNGADTITSGIEGAWTDTPTKWSNKYFDNLFKYDWECIKGPGGAYQWQPKDNAGAGTVPDAHDPDKKHAPFMLTTDLSLKMDPEYEKISRHFYENPDEFADAYSRAWFKLTHRDMGPIERYLGPEVPKEELLWQDPIPKVDHEIINDSDIASLKNKILNTGLSVQELVTTAWGSASTFRGSDKRGGANGGRIRLAPQNGWEVNNPKQLGKVIDTLEKIQQDFNESQSGSKKVSIADLIVLAGCVGVEKAAKTAGHELKVPFSPGRADASQEQTDVEAFEPLEPNADGFRNYFRNRDHVSASAEELLVDRAQLLTLTVPQMTVLLGGMRAMGANYDGSKKGVFTDRPGQLTNDFFKNILEMGLTWKSSSDSETEFDGSDRKTGDVKWTGSRADLIFGSNSELRAIAEVYGTDDVEAKFVKDFVKAWDKVMNLDRYDLK

",GfoCP01_Catalase peroxidase
6255,,CatCP01,Bacteroidetes/Chlorobi,Croceibacter atlanticus,Catalase peroxidase,complete,Marcel Zamocky,">6255|CatCP01| [Croceibacter_atlanticus]|Bacteroidetes/Chlorobi|Catalase_peroxidase|complete|
MDNNNSNVWDINDPSAVAKCPFLGGAQSNTAGHGTTNRDWWPNELKLNILRQNSSKSNPMGSDFNYKEAFNSLDYAKLKQDVIHLMTDSQDWWPADYGHYGPFMIRMAWHSAGTYRIGDGRGGASSGTQRFAPLNSWPDNGNLDKARLLLWPIKKKYGNKISWADLMILAGNCALESMGFKTFGFAGGREDIWEPEQDIYWGSETEWLGNEERYADGDLEAPLGAAHMGLIYVNPEGPNGNPDPLGSAKDIKETFGRMAMDDEETVALIAGGHTFGKTHGAADPDKYVGAEPHGAPIEEMSTGWKNTYGTGVLDDTITSGLEGAWTPNPTQWDHDYFEVLLNYDWELSKSLAGAHQWIPTKASNARMAPKAGDANAKQGLMMSTADMALKMDPDYLKISKKFHTDHKAFEDAFARAWYKLTHRDMGPISRYLGPEVPQEELLWQDPLPASNFTPSEEDVNSLKSAIANTELSVSELVSTAWASASTFRGSDKRGGANGSRIRLAPQNRWEVNNPEQLHKVLNVLKGIQNDFNTNGKDVSMADLIVLAGSVGVEKAAEKAGHSVTVPFTGGRTDASQEQTDIDSFGYLEPQADGFRNFIKDNQKAAAEDLLVDRAQLLTLSIPEMTVLVGGLRVLGANYNGSNYGVFTDRKEALTNDFFTNLLDFTYTWKATTDDDTIFEGSDRRTGDKKFEATRADLIFGSNTELRAIAEVYGTEDAEEKFVKDFIDAWTKVMNLDRFDL

",CatCP01_Catalase peroxidase
6280,,PEspKat01,Bacteroidetes/Chlorobi,Pedobacter sp. BAL39,Catalase,complete,Marcel Zamocky,">6280|PEspKat01| [Pedobacter_sp._BAL39]|Bacteroidetes/Chlorobi|Catalase|complete|
MAKKQTPPKEGTEAVIDKKLTPQPENIKTEKLEPHTATATGAPMTTNHGVKINDDQNSLKAGERGATLLEDFILREKITHFDHERIPERIVHARGSGAHGIFKLYESQSAFTKAAFLNDTTVETPVFVRFSTVAGSRGSTDLARDVRGFAVKFYTEEGNFDLVGNNMPVFFIQDAIKFPDLIHAVKPEPDNEIPQAASAHDTFWDFISLMPESAHMIMWAMSDRALPRSYRMMEGFGVHTFRLINETNESFFVKFHWKPLLGVHSVAWDEAQNISGKDPDFHRRDLWDAIEAGAFPEWELGLQIIPEADEFKFDFDLLDPTKLIPEELVPVQRIGKMTLNRNPDNFFAETEQVAFHVGHIVPGIDFSNDPLMQGRLFSYTDTQLIRLGGPNFHEIPINRPIIPVHNNQRDGHMRQTINRGKTSYSPNTLGDNDPAQVKVADGGFSSYQERIDAKKVRARSKSFFDHFSQARLFLNSQSAPEKNHLIDALTFELGKVKTVAIRERMLGILSQIEEQLAKQVAYGLGLSVPKKPEQPMNKSIPADGDPADYQPLIVESKLKKSEALSMANTVKDSIKSRKIAVLAADGVNSSSVTHLKSALEGAGAVVEIIAPRLGFISGTDGDKINVDQSFLTAASVLFDAVYVPGGTDSVAAVAAEANAIHFLNEAFKHCKAIAADESALPVLKVTYFHDKLPKDKNAAGQTKDGIIVGTDPAKLGKEFIEAIAQHRFWEREPARLVPA

",PEspKat01_Catalase
6288,,FjKat01,Bacteroidetes/Chlorobi,Flavobacterium johnsoniae,Catalase,complete,Marcel Zamocky,">6288|FjKat01| [Flavobacterium_johnsoniae]|Bacteroidetes/Chlorobi|Catalase|complete|
MKNFQDEKQRDLLINKSDGTNKFLTTDQGVKINDDNNSLKAGERGPSLLEDFILREKITHFDHERIPERIVHARGSGAHGFFEVTNPIPELTKAGFLQEKGLKTPVFTRFSTVAGSRGSTDLARDVRGFSVKFYTQEGIYDLVGNNVPVFFIQDASKFPDLIHAVKPEPHNEIPQAASAHDTFWDFISLMPESMHMIMWAMSDRAIPRSYRMMEGFGVHTFRLINEAGESVFVKFHWKPKLGTHAVAWDEAQKISGKNPDFHRQDLWEAIEAGNFPEWDLGVQIIPSEDENKYEFDLLDPTKLVPEELVPVTIIGRMVLNKNPDNFFAETEQIAFHPGHVVPGIDFTNDPLLQGRLFSYTDTQLSRLGSPNFHEIPINRSVAPVHNNQRDGHMRQEINTGRVSYHPNSLGGGCPYQAKIAEGGFASFNERIDAHKIRERSESFNDHFGQAKLFFNSQTPAEKSHIVKALRFELGKVETTAIRIRMLGLLSQVDQELAEKVAIGLGATVPPVLEKPLNHGVSPENENGKQESTTVEQSVKSSDALSMLKNPVNSPTIASRKVAIICADGVSEAAVSNMKKALLQEDAKGCIVAPHLGAVISDTDGEIHADFSFLTASSVLFDAVYIPDGVGLTVLAESDEVNEFLSDAYKHCKVIGADGRAVSILSAANFASKITNDDEGLIVTKEAASEKFAKDFIQAMGKHRFWEREPNLYN

",FjKat01_Catalase
6805,,ChDyPrx,Bacteroidetes/Chlorobi,Cytophaga hutchinsonii,DyP-type peroxidase C,complete,Marcel Zamocky,">6805|ChDyPrx| [Cytophaga_hutchinsonii]|Bacteroidetes/Chlorobi|DyP-type_peroxidase_C|complete|
MNESVELHDVQGIIIKGYDKLKAATFLLLEITDSTKTKQWLASQLPMVTHADISTKTITTAVQLAFTYSGVAALNVPAEALKTFPPEFIEGMVTEHRSRMLGDLEDSAPDKWKWGGTEKDFYSIHLLLMLYATDDSTLQHFYTEQKNTLDAAGLKIAYQLETSKLPKEKEHFGFRDGIAQPVMRGINHTSDNEANLIKPGEFLFGYQNEYEKYMFSPTVAPENDPANILPADMNNPLLKDLGRNGSMLVFRQLEQNVKAFWAMAERAAKEQNTHDDPVTPEYIASKMLGRWPNGSPLTKCPMEPDASKETFDNFGYAKHDYDGLKCPIGAHIRRANPRDNFLRDSTGDQEKDIEKSMKFMKRFRIIRRGRSYGAPLVESMEPKDIIQAAEDHKERGLYFLCFNSNIGRQYELIQQTWINNPKFAGLYEDPDPMIGYPGIMGDGATTTFTEQAVPVRKQVRGITRFVNVKGGGYFFMPGLNALKYISSL

",ChDyPrx_DyP-type peroxidase C
6980,,PhepCP01,Bacteroidetes/Chlorobi,Pedobacter heparinus,Catalase peroxidase,complete,Marcel Zamocky,">6980|PhepCP01| [Pedobacter_heparinus]|Bacteroidetes/Chlorobi|Catalase_peroxidase|complete|
MENNPNDISKCPFHNGSMKHNVGGGGTRNKDWWPNQLKLNILRQHSSLSNPMDKDFNYAEAFKSLDFAALKKDLHALMTDSQDWWPADFGHYGGLFIRMAWHSAGTYRVGDGRGGAGAGLQRFAPLNSWPDNVSLDKARRLLWPVKQKYGRNISWADLMILTGNVALESMGFKTFGFAGGREDVWEADESVYWGAETTWLGGDLRYAHGSPGVEGDGVLVTDDNADGNIHSRNLEKPLAAVQMGLIYVNPEGPDGNPDPIAAAKDIRDTFGRMAMDDEETVALIAGGHSFGKTHGAASADHVGKEPEAVDIEMQGLGWRNSYGTGKGADAITSGLEVIWTKTPTQWSNNFFENLFGFEWELSKSPAGAQQWVAKNAEAFIPDAFDGSKKHRPTMLTTDLSLRFDPAYEKISRRFFENPDAFADAFARAWFKLTHRDMGPRERYLGPEVPQEELIWQDPIPAVNHVLINENDIAALKAQVLESGLSIAELVSTAWASASTFRGTDKRGGANGARIRLAPQKYWQVNNPPQLQKVLNILEGIQKEFNTAQTAGKKVSLADLIVLAGCAGVEKAATTAGYAITVPFIPGRMDASQEQTDVESFGYLEPAADGFRNYRKSKIPVSTEELLIDKAHLLTLTIPELTVLLGGMRVLDTNFDASKHGIFTSKPGQLSNDFFVNLLDMNTVWKAASADREVYEGRDRNTGEIKWTGTRADLVFGSNSELRAVAEVYGSSDSRQKFITDFVFAWNKVMNLDRFDLG

",PhepCP01_Catalase peroxidase
6981,,CHpiCP01,Bacteroidetes/Chlorobi,Chitinophaga pinensis,Catalase peroxidase,complete,Marcel Zamocky,">6981|CHpiCP01| [Chitinophaga_pinensis]|Bacteroidetes/Chlorobi|Catalase_peroxidase|complete|
MEKELNDISKCPFHNGTLKHNTGGGGTRNRDWWPNQLKLNILRQHAPASNPLGGDFNYAAAFKSLDLEAVKKDLHALMTDSQDWWPADFGHYGPLFIRMAWHSAGTYRVTDGRGGAGSGQQRFAPLNSWPDNVSLDKARRLLWPIKQKYGRSLSWADLLILTGNVALESMGFKTFGFAGGREDKWESEEDVYWGAETTWLGGDIRYAHGSEGVPKEHGVVSSDDDADGDIHSRDLEKPLAAVQMGLIYVNPEGPDGNPDPIAAAKDIRDTFGRMAMNDEETVALIAGGHSFGKTHGAAPSSHVGKEPEAAGLESQGLGWNNSYGSGKGADTITSGLEVIWTTTPTQWSNNFFENLFNFEWELTKSPAGAHQWVAKNADDIIPDAYDSSKKHRPTMLTTDLSLRFDPVYEKISRRFLEDADAFADAFARAWFKLTHRDMGPRVRYLGPDVPEEVLLWQDPIPATDHPLIDENDIAALKAKVLESGLSVSELVSTAWASASTFRGSDKRGGANGARIRLAPQRYWKVNNPSQLQKVLDVLEGIQKAFNNGGKKVSIADLIVLAGAAGIEKAAKDAGQTLTVPFTPGRGDASQDQTDVESVGFLEPVADGFRNYRKSRVPASTEALLIDKAQLLTLTAPELTALTGGLRVLNTNYNGGSEGVFTKRPGVLTNDFFVNLLDMKTAWKAVSADQELFEGTDRTSGEVKWTATRADLVFGSNAELRAIAEVYGAGDGQELFIKDFVAAWNKVMNLDRFDLAK

",CHpiCP01_Catalase peroxidase
6982,,DferCP01,Bacteroidetes/Chlorobi,Dyadobacter fermentans,Catalase peroxidase,complete,Marcel Zamocky,">6982|DferCP01| [Dyadobacter_fermentans]|Bacteroidetes/Chlorobi|Catalase_peroxidase|complete|
MENGSNDISKCPFHNGTMNHNVGGGGTRNRDWWPNQLKLNILRQHSSLSSPMGEDFNYAEAFKSLDLEAVKTDLHALMTDSQDWWPADFGHYGPLFIRMAWHSAGTYRVFDGRGGGGSGQQRFAPLNSWPDNVSLDKARRLLWPIKQKYGNKISWADLLILAGNIALESMGFKTFGFAGGRADVWEADEDVYWGSENTWLGNDRRYAHGQPGLAEPGVLVSDEDAGGTTHSRNLEEPLAAAHMGLIYVNPEGPDGNPDPIAAAKDIRDTFGRMAMNDEETVALIAGGHSFGKTHGAASSDHVGAEPEGADLENQGLGWSNSFGTGKGAHTITSGLEVTWTTTPTQWSNNFFENLFAFEWELTKSPGGAHQWVAKDAGEIIPDAYDGSKKHRPTMLTTDLSLRFDPAYEKISRHFLENPDAFADAFARAWFKLTHRDMGPRARYLGADVPQEVLIWQDPVPAVDHDLVTDSDIAGLKANILASGLTVPELVATAWASASTFRGSDKRGGANGARIRLAPQKDWKVNNPAQLQKVLRTLESIQQEFNATTGGRKISLADLIVLAGSAAVEKAAQDAGHAVTVPFTPGRTDASQEQTDVESVGHLEPIADGFRNYRGTKFKVSTEELLIDKAQLLTLSAPEMTVLLGGLRVLNINFDGSKHGVFTQRPGVLTNDFFVNLLDMNTAWKAMGDDRETYLGSDRASGQPKWTASRADLVFGSHAELRAIAEIYASADSGAKFAKDFVAAWTKVMNLDRFDLV

",DferCP01_Catalase peroxidase
6984,,CgleCP01,Bacteroidetes/Chlorobi,Chryseobacterium gleum,Catalase peroxidase,complete,Marcel Zamocky,">6984|CgleCP01| [Chryseobacterium_gleum]|Bacteroidetes/Chlorobi|Catalase_peroxidase|complete|
MEKDLNDISKCPFHNGTMKKNNVAGGGTKNSDWWPDQLRVDLLRQHSSLSDPMDKDFDYAKAFESLDLEAVKKDLHALMTDSQDWWPADFGHYGPLFIRMAWHSAGTYRVGDGRGGAGAGQQRFAPLNSWPDNVSLDKARRLLWPIKQKYGKNISWADLLILTGNVALESMGFKTFGFAGGRADVWEPHSDVYWGSEKTWLGGDLRYAHGSEGVVEGQSAVLPTDDNADGDIHSRNLENPLAAVQMGLIYVNPEGPDGNPDPIAAAKDIRDTFGRMAMNDEETVALIAGGHTFGKTHGAGPADHVGKEPEGAGIELQGLGWASTYKSGSGRDAISSGLEVTWTETPTQWSNYFFKNLFENEWELTKSPAGAHQWVAKDGAEIIPDAFDSSKKHKPTMLTTDLSLRFDPVYEKISRHFYENPDAFADAFARAWFKLTHRDMGPRARYLGPEVPQEELIWQDPIPKVDHELIDENDAEALKSKILNSGLSISELVSTAWASASTFRGSDKRGGANGARIRLEPQRNWEVNNPSQLNKVLGVLEGIQKEFNDSQSGGKKISLADLIVLAGNAAVEVAARNAGQDVKVPFAPGRMDALQEQTDVESMGYLEPAADGFRNYLKRKYTVSTESLLIDKAQLLTLTAPELTVLIGGMRALDTNFDGSKHGIFTNRPGVLTNDFFVNLLDMSTQWKAMSDDKELYIGSDRSTGQPKWTATRADLVFGSNSELRAVAEVYGSSDAQSKFVKDFVAAWTKVMNLDRFDLV

",CgleCP01_Catalase peroxidase
7193,,BBFL7CP03,Bacteroidetes/Chlorobi,Flavobacteria bacterium BBFL7,Catalase peroxidase,complete,Marcel Zamocky,">7193|BBFL7CP03| [Flavobacteria_bacterium_BBFL7]|Bacteroidetes/Chlorobi|Catalase_peroxidase|complete|
MINTFIKNTLMENFKNSNGSNGDSQAKCPFSSEIVKKAAGGGSRNHDWWPNQLNLNVLRQHSSLSNPMDKDFDYKKEFESIDFDALKADIFELMTESQDWWPADYGHYGPLFIRMAWHSAGTYRIADGRGGAGAGTQRFAPLNSWPDNANLDKARLLLWPIKQKYGKKVSWADLMILAGNCALESMGFKTFGFGGGRTDVWEAEEDIYWGVEGEWLGDQRYTEDRELENPLAAVQMGLIYVNPEGPNGKPDPLASAVDIRETFGRMAMNDEETVALIAGGHTFGKTHGADNPDVYVGAEPAGARIEEQGLGWKNTLGSGNGVNTITSGLEGAWTTTPTQWSNNYFENLFGFEWELTKSPAGAHQWKPKSGGGAGTVPDAHDASISHAPTMLTTDIALREDPAYEAISRRFYENPDEFADAFARAWYKLTHRDMGPHSLYLGPEVPKEELIWQDPIPVRSTQLIDNKDIADLKAKILASGLSVSELVSTAWASASTFRGSDKRGGANGARICLAPQKDWEVNNPVQLNKVISALEAIKNDFNSASSGGKEVSMADLIVLAGSVAVEKAAKNAGHDVSVPFSPGRTDATQAQTDAESFAALEPNADGFRNYLRNKYKASEEELLVDRAQLLTLSAPEMTVLMGGLRVLNTNYDQSKRGVFTSQPEALTNDFFVNLLDFGTTWSAVSDSENLFEGKDRKTGAVKWSASRSDLIFGSNSELRGIAEVYACSDSEGKFISDFVSAWTKVMNLDRFDLA

",BBFL7CP03_Catalase peroxidase
7232,,RmaKat,Bacteroidetes/Chlorobi,Rhodothermus marinus (Rhodothermus obamensis),Catalase,complete,Marcel Zamocky,">7232|RmaKat| [Rhodothermus_marinus_(Rhodothermus_obamensis)]|Bacteroidetes/Chlorobi|Catalase|complete|
MEARKAPRLTTADGRPIGDNQNALTAGPRGPLLIQDVQLLEQIQHFNRERIPERVVHAKGSGAYGTFTVTNDVTRYTKAAFLSEVGKQTEVFVRFSTVAGERGAADAERDVRGFAVKFYTEEGNFDLVGNNTPVFFVRDPYKFQMFIHSQKRHPKTNLRDPDMQWDFWSLCPESLHQVTILFSDRGIPASYRHMNGYGSHTYSMYNDRGELFWVKFHFKTQQGIKCLTDEEAARLIGEDRETHQRDLYEAIERGDYPRWTLYIQVMTPEQAENFRWNPFDLTKVWPHAEFPLIEVGVLELNRNPENYFAEVEQAAFKPSAFVPGIGPSPDKMLQARLMSYADAHRYRLGVNYQQLKVNRPRCPVHHYQRDGFMAQIEGSGHPNYFPNSIPGSPQDDPIYKEPAWHLGEVIVDRYDSRKDHDDYTQAGNLYRLFDEGQKDRLARAIAASLGQARLEVQKRQLGHFYRADVDYGRRVARALGFDPAAIEAELGIDASVAG

",RmaKat_Catalase
7254,,SpliKat01,Bacteroidetes/Chlorobi,Spirosoma linguale,Catalase,complete,Marcel Zamocky,">7254|SpliKat01| [Spirosoma_linguale]|Bacteroidetes/Chlorobi|Catalase|complete|
MSTEQNKTNTNAKLDELDMNREDSSGQFLTTNQGLRVNDDQNSLKAGPRGATLLEDFILREKITHFDHERIPERIVHARGAAAHGYFQAYEPQPELTKAKFLLDPSVQTPVFVRFSTVAGSRGSTDLARDVRGFAVKFYTEEGNFDLVGNNIPVFFIQDAIKFPDLIHAVKPEPNNEIPQAASAHDTFWDFISLTPESMHMVMWVMSDRAIPRSYRMMEGFGVHTFRLINANGKSRFVKFHWKPLLGVHSVVWDEAQLISGRDPDFHRRDLWDAIEGGAYPEWELGVQVVEEEDEHKFDFDLLDSTKLIPEELVPIVRLGKMTLNRNPDNYFAETEQVAFHLGHVVPGIDFSNDPLLQGRLFSYTDTQLKRLGGPNFHEIPINRPIAPVHNGQRDGHMRQTINVGRTSYGPNAINGDSPAQATEAEGGFVSHAERIDANKVRARSKSFMDHYNQAKLFWNSQSPTEKTHIVKALRFELGKVVVEDIRKRMLIHLSQIDTTLATLVGEGLGLEVPSAEGVQLNKSVPADANPADYQSEPAKSTVGSSAALSMAHPPKKGIKTRQVAILAADGVDATQLKSMMNALSAEKAIIGIVAPRVGMLKTSGGETIKIDASLQTTASVLFDAVYVPGGQSSVKSLLQEPDAIRFIHEAFMHCKALAATGEGADLLQAAANGGAESLLSSEGVITSSDTGSEVPQKFIDAIEQHRFWSREKKLV

",SpliKat01_Catalase
7255,,PhepKat01,Bacteroidetes/Chlorobi,Pedobacter heparinus,Catalase,complete,Marcel Zamocky,">7255|PhepKat01| [Pedobacter_heparinus]|Bacteroidetes/Chlorobi|Catalase|complete|
MEKKKPNAENAVNLKQKDLAPDTISDQGELMTTNQGLKINDDTNSLKAGERGPSLLEDFILREKITHFDHERIPERIVHARGSGAHGYFQVYESMGKYTKAGFLQDPSVKTPVFVRFSTVAGFRGSTDLARDVRGFSVKFYTQEGNYDLVGNNMPVFFIQDAIKFPDLIHAAKPEPDNEIPQAATAHDSFWDFISLSPESMHMIMWAMSDRAIPRSLRMMEGFGVHTFRFINAEGKSSFVKFHWKPILGMHAVAWDEALKISGKDPDFHRRDLHDAIESGAFPEWEFGVQIVAQEDEHKFSFDLLDPTKLIPEELVPVQRIGKMVLDRNPDNFFAEVEQVAFHPGHLVPGIDFSNDPLLQGRLFSYTDTQLSRLGSPNFHEIPINRSVNTVHNNQRDGHMRQQINVGKSSYHPNSVAGGSPAQATIAEGGFSSYEERVDAHKVRARSKSFMDFFSQATLFFNSQSEPEQNHIADALKFELGKVERVEIRQRMVNLLTLISVPLANTVADSLGLKAGKPQEPVNHVLGADANPADYKPVKVKSEIEKSPALSMANAPKDSIKTRQVAFLAANGVESTDFENMKKALLAAGAVVKVVAPKNGTLKDSAGKEIKIDMSFLTGTSVVFDAVYVPGGGKSIDALLAEPDAVHFINEAYRHCKAIAATGKGAELINQSYVGAKLKNGNADAKAGILTEAAPDAFIKAIAQHRFWQREKKDKVPA

",PhepKat01_Catalase
7256,,CHpiKat01,Bacteroidetes/Chlorobi,Chitinophaga pinensis,Catalase,complete,Marcel Zamocky,">7256|CHpiKat01| [Chitinophaga_pinensis]|Bacteroidetes/Chlorobi|Catalase|complete|
MPDKKKTPIPSTENKKIAELSPNKEDSTGQDLNTNTGVKISDDHNSLKAGDRGPTLMEDFIFREKMTHFDHERIPERVVHARGSAAHGVFKVYESMEKYTKAGFLTDTSRETPVFVRFSTVAGSRGSTDLARDVRGFAVKFYTDEGIFDLVGNNMPVFFIQDATKFPDLVHAVKPEPHNEIPQAASAHDTFWDFISLMPESTHMIMWLMSDRAIPRSYRMMEGFGVHTFRFVNANEESCFVKFHWKPLLGVHSVAWDEAQKISGKDPDFHRRDLWEAIESGNFPEWELGVQIVPEADEHKFDFDLLDATKIIPEELVPVQRIGKLTLNRNPDNFFAETEQVAYHIGHVVPGIDFTNDPLLQGRLFSYTDTQLIRLGGPNFQEIPINRPVVPVHNNQRDGYMRQTINKGRTSYSPNSLGGGYPSQVKAADGGFRSYTEKIDARKIRERSRSFFDHYTQATLFFNSQSAPEKQHLIDALRFELGKVDTVAVRQRMIGILTQVDKDLAAQVAYGLGLEVPAGPEQPVNHGVPADADPAHYEPFPPKEPVPDISLALSMANTVKDSIQTRKIGFLAADGVDAASVNAAKSALEAAGAVVEIIAPHLGEIVAADGSLIPVQKSLLTASSVFYDALYVPSGPTSSGTLEADADAVHFLNEAYRHCKAIAAHADARQVLEATYFAKKLPEDDSEESALMEGVVVQEDVKKLSKIFISAIALHRFWEREKPRRVPA

",CHpiKat01_Catalase
7258,,DferKat01,Bacteroidetes/Chlorobi,Dyadobacter fermentans,Catalase,complete,Christophe Dunand,">7258|DferKat01| [Dyadobacter_fermentans]|Bacteroidetes/Chlorobi|Catalase|complete|
MAKRKAQQNPAVDQPENDKIRSLEPHMEDSTGELMNTNTGVRINDDQNSLKAGDRGASLLEDFILREKITHFDHERIPERVVHARGSGAHGFFKLYEPLGQYTKAQFLNDTSIETPVFVRFSTVAGSRGSTDLARDVRGFAVKFYTQEGNFDLVGNNMPVFFIQDAIKFPDLVHAVKPEPDNEIPQAASAHDTFWDFISVMPESAHMIMWLMSDRAIPRSYRMMEGFGVHTFRLINAEGVSHFVKFHWKPLLGVHAVAWDEAQNISGKDPDYHRRDLWDAIESGNFPEYELGLQIVPEADEFKFEFDLLDPTKIIPEELVPVIKVGKLTLNRNPENFFAETEQSAFHIGHVVPGIDFTNDPLLQGRLFSYTDTQLIRLGGPNFQEIPINRPIVPVHNNQRDGYMRQTINRGKISYGPNSLGDNYPLQAKASEGGFTSYPERIDARKIRARSKSFLDHFSQARLFFNSQSDPEKNHMIEAFSFELGKVQSVEVRQRMLGILSMVDKGLAAEVAFSLRLSVPEDPELPVNRSIPADGDPADYDPVMVEGSLAASAALSMANSPKDSIKTRKIAFLAADGVDSNSLNTVKAALEAEGAIVEVIAPRLNYVLSTTDEEIHVHHSFLTAASVLYDAVFVPGGTNSVATVEADADAVHFLNEAFKHCKAIAADAGAMQVIEATYFAKKIPAEFSDEAVLLDGIVISDDPATLARRFITAIAQHRFWEREKPRKIPA

",DferKat01_Catalase
7261,,GfoKat01,Bacteroidetes/Chlorobi,Gramella forsetii,Catalase,complete,Christophe Dunand,">7261|GfoKat01| [Gramella_forsetii]|Bacteroidetes/Chlorobi|Catalase|complete|
MKEDKGNAKQKDMQQNTSDAEGKTMTTNQGLKVNDTNNSLKAGERGATLLEDFILREKITHFDHERIPERIVHARGSAAHGYFELYESQEKYTKAGIFTDTKRKTPVFTRFSTVAGSKGSADMARDVRGFAVKFYTEEGIFDLVGNNMPIFFIQDAMKFPDLIHAVKPEPHREIPQAASAHDTFYDFVSRTPETLHNHIWVMSDRAIPRSLRMMEGFGIHTFRLINKEGKSHFVKFHWKPLLGVNSVTWDEAVKLHGADSDFHRRDLWDAIDSGQFPEWELGIQVVPEEDEHKFDFDLLDPTKLIPEEMVPVQRIGKMTLNRNPDNFFAETEQVAFHPGHIVPGIDFSNDPLLQGRLFSYTDTQLSRLGSPNFHEIPINRPVNPTHNNQRDGHMRMTVNKGNTAYFPNSMSGGCPHLAKMAEGGFTSYEERIDANKVRARSESFSDHFSQPGIFYRSLKDWEKNHVAEAYSFELGKCNHDYIKERMLWLINNIDEDLAKKVADNLGLKIPSKIEKPVNQAIGADDDGKKNEPQKRKDYIEKSEALSQTHIKADSIATRKIAFLVGDGFDAENVGSMKEALEKKNAVVNLVATHGGKVKCSKGEMHKVDAALMTTESVAFDALYIPGGSKSVKALKDSAKAKKFINESLKHCKAIAVDSEGEELFDETFGKDFKDDDAICINKKPADFIKAIGMHRNWNREEKAKMIPA

",GfoKat01_Catalase
7262,,FbKat01,Bacteroidetes/Chlorobi,Flavobacteriaceae bacterium,Catalase,complete,Christophe Dunand,">7262|FbKat01| [Flavobacteriaceae_bacterium]|Bacteroidetes/Chlorobi|Catalase|complete|
MKVNEQEPFANGANPKIEQLGKYKNSDHGEFMTTDHGVKINDDQNSLLGGERGPSLLEDFIFREKMTHFDHERIPERIVHARGSGAHGYFQLYKPMGKYTKAKFLNDTTIKTPVFVRFSTVQGSRGSTDLPRDIRGFATKFYTQEGNYDLVGNNTPVFFIQDAMKFPDLVHALKPEPDNEIPQAASAHDTFWDFISLMPEAMHNIMWLMSDRAIPRTYRAMEGFGIHTFRFINEEGQSHFVKFHWKPLQGVLGLAWDEAQRLSGKDNDFHRRDLWDAIENGMYPEWELGVQIVPQEDEHKFPFDLLDATKMIPEEMVPVEIIGKMTLNKNPDNFFAETEQIAFHPGHIVPGIDFTNDPLLQGRLFSYTDTQLSRLGGPNFHEIPINRSIPDVTNNQRDGLHRMQIPKGKVSYHPNSMAQGCPFQAMMKEGGFTSFEERIDSRKIRNRSRSFFDHFSQPTLFYNSLTDHEKRHVQNAFSFELGKVKLVPIRQRMVNMLLEVDKELANKVGDHLGLVPERLPQPITDSIPADGKLEDYHSFKAELPISEAPSVSMATKLPQNIKARRIAILTADGVSDEAFTKVKKVLCEMDALVQIIAPRHGFVTTASGDQYPVDDSLLTTASVIFDAVYIPGGDSVKTLMEHAGAIHFVAEAYKHCKPFGADGNGVDLLQKAIPKLTLPADGIVTEGDLDLFTASIILHRFWDREMNPLPA

",FbKat01_Catalase
7265,,CatKat01,Bacteroidetes/Chlorobi,Croceibacter atlanticus,Catalase,complete,Christophe Dunand,">7265|CatKat01| [Croceibacter_atlanticus]|Bacteroidetes/Chlorobi|Catalase|complete|
MSDKENLQPDSNSKTDQLSSYTKDSEGKNLTTNQGLKVNDTNNSLKAGERGSTLLEDFLLREKITSFDHERIPERIVHARGSAAHGHFELYKSIEKYTKAGLFTDTSKKTPVFVRFSTVAGSKGSPDLARDVRGFAVKFYTEEGTWDLVGNNMPIFFIQDAMKFPDLIHSVKPEPNNEIPQAASAHDTFYDFVSHAPETLHNHIWAMSDRAIPRSYRMMEGFGIHTFRFINKEGKSHFVKFHWKPVLGVHSVTWEEAVKINGVDADFHRRDLWEAIEAGQYPEWEFGIQVVPEEDEHKYDFDLLDPTKLIPEDMVPVEIVGKMTLNRNPSNFFAETEQVAFLPGHIIPGLDFTNDPLLQGRLFSYRDTQLSRLGSPNFHQIPINRPVTPAHNNQRDGHMQTEIPKGQTAYFPNTLGGGCPHLAKMAEGGFTSYEERIDAKKVRTRSESFSDHFSQPALFYRSLEEWEKKHVANAYSFELGKCNQKHIKERMLWLINQIDEDLANTVSENLGLSIPDDIEQPINQSIGADADVEKFQPSAKKVYLEKDKSLSQAHTKFDSIATRQIAVLAANGFSMDDFKTFTDALEDEGAVCKIIAPHGGTIKCDQDMDHEVDAAISTTESVLFDAIFVPGGKDSVDKLLKTGKYSKFISEAFKHCKAIAVCNEGEELLKNSYIKSYDDDKAVFVNGKPKNFIDAIAQHRNWDRMEAASDIPV

",CatKat01_Catalase
7267,,CgleKat01,Bacteroidetes/Chlorobi,Chryseobacterium gleum,Catalase,complete,Christophe Dunand,">7267|CgleKat01| [Chryseobacterium_gleum]|Bacteroidetes/Chlorobi|Catalase|complete|
MNMKTNEHNKKAEQLDLHSTSNENEKLTTNQGLKINNNQDSLKAGERGPSLLEDFILREKITHFDHERIPERVVHARGSGAHGIFKLTKSLAEYTKAKFLTELGKETPVFVRFSTVAGSKGSTDLARDVRGFAVKFYTEEGNYDLVANNMPVFFIQDAIKFPDLVHAVKPEPDNEIPQAASAHDTFWDFISLMPESMHMIMWLMSDRAIPRSLRMMEGFGVHSFKFINEAGKVHFVKFHFKPRLGVHSVAWNEAQMISGVDPDFHKRDLWEAIENGDYPEWDFGVQLIPEEDEHKFDFDLLDPTKIVPEEEVPVEIVGTLTLNKNPDNFFAETEQVAFHPGHIIPGIDFTNDPLLQGRLFSYTDTQLSRLGSPNFHEIPINRSLNTVHNNQRDGHMRQQIVKGKSSYEPNSIGGGCPFQAMMSEGGFTSQQERVSGVKIRERSKSFVDHYSQAKLFYNSQSTPEKMHLQNALIFELSKVTRPEIRERLVGQLAYIDMSLAWSVAEKLGVEVKKLEWSNQSLPADSNIIELQSEEREPDTKVSGALSMAHTVKNTIKSRKIGFILANGADGGAVNDLKTKLEAEGARVELIAPSVAPVRLNDGSELIPKHSLTSIASVCFDALAICPGEEAVKELMTSENKHQVLHFINEAYKHCKAIYFGKDTEVLYQNSNVATKQHEDPGIITWEDGNPADKFIQAIAQHRVWDLETERNA

",CgleKat01_Catalase
7332,,SpliCP01,Bacteroidetes/Chlorobi,Spirosoma linguale,Catalase peroxidase,complete,Marcel Zamocky,">7332|SpliCP01| [Spirosoma_linguale]|Bacteroidetes/Chlorobi|Catalase_peroxidase|complete|
MGDHIYPSESSDTKSYNVNGESKCPFTGATAKQSAGSGTRNRDWWPNQLKLNVLRQHSPLSNPMDKAFNYAEAFKSLDLNAVKNDIFDLMTTSQDWWPADYGHYGPFFIRMAWHSAGTYRIADGRGGAGSGTQRFAPLNSWPDNANLDKARLLLWPVKKKYGRKISWADLMILAGNCALESMGFKTFGFAGGREDVWEPEEDIYWGAETEWLGDKRYSGDRELENPLAAVQMGLIYVNPEGPNSRPDPLASARDIRETFGRMAMNDEETVALIAGGHTFGKTHGAADPGQYVGAEPAGAGIEEQSLGWKNTFGTGNAGDTITSGLEGAWTTTPTQWDNNYFDNLFGFDWELTKSPAGAHQWRPKDGAGAGTVPDAHDPAKRHAPMMFTTDLALRMDPIYEPISRRFHENPDQFADAFARAWFKLTHRDMGPIARYLGPEVPTEELIWQDPIPAVTHPLIDEQDTAALKKMILASGLSVSQLVSTAWASASTFRGSDKRGGANGGRLRLAPQKDWDVNHPGLLATVLEKLEGIQIDFNSMQQDGKQVSLADLIVLGGSVGIEQAAKKAGHEVTVPFTPGRADASQEQTDVESFAVLEPESDGFRNYSKTKYTVSAEEMLIDKAQLLTLNAPEMTVLVGGMRVLNTNYGFSKHGVFTKRPEALTNDFFVNLLDLGTTWKAASQHQDVFEGRDRTTGELKWTGTRVDLIFGSNSELRALAEVYACEDAQEQFVQDFVAAWTKVMNLDRFDLA

",SpliCP01_Catalase peroxidase
8372,,PsalCP01,Bacteroidetes/Chlorobi,Pedobacter saltans,Catalase peroxidase,complete,Marcel Zamocky,">8372|PsalCP01| [Pedobacter_saltans]|Bacteroidetes/Chlorobi|Catalase_peroxidase|complete|
MEKESNDISKCPFHNGTLRNSVAGGGTQNRDWWPNQLKVSILRQHDTKSNPMDKGFNYAEEFKSLDLQAVKRDLHALMTDSQEWWPADFGHYGPLFIRMAWHSAGTYRVQDGRGGAGEGQQRFAPLNSWPDNVSLDKARRLLWPIKQKYGRKISWADLLVLTGNVALESMGFKPLGFAGGREDVWEPNTDVYWGSEKTWLGGDVRYAHGSEGVVENHGVLVSDDDADGDVHSRDLENPLAAVQMGLIYVNPEGPDGNPDPILAAKDIRDTFGRMAMNDEETVALIAGGHTFGKTHGAAPADNVGKEPESADMEMQGLGWHNSYGTGKGADTITSGLEVTWTSKPTEWSNLFFEYLFDFEWELTKSPAGAHQWEAINAEEIIPHAHDPNKKIKPRMLTTDLSLRLDPEYGKISRRFRDNPEEFANTFAKAWFKLTHRDMGPRERYLGPEVPKEVFIWQDPVPPVDHELINEADIESLKQQILGLGLSVSELVSTAWASASTFRGSDKRGGANGARIRLQPMNNWEVNNPAQLNKVLRALEGLQNQFNATTGKKVSLADLIVLAGAAGVEKAARDAGHHITVPFTPGRTDASQEQTEVDSIAYLEPTADGFRNYRKYKNHAVSTEELLIDKAHLLTLTAPELTVLIGGMRALNTNYDGSKHGVFTDRPGQLTNDFFVNLLDMGTEWKAMDQSKELYLGTSRKTGQPRWTGTRNDLVFGSNAELRALAEVYASDDAKEKFVNDFVAAWNKVMNLDRFDLK

",PsalCP01_Catalase peroxidase
8377,,LbyCP01,Bacteroidetes/Chlorobi,Leadbetterella byssophila,Catalase peroxidase,complete,Christophe Dunand,">8377|LbyCP01| [Leadbetterella_byssophila]|Bacteroidetes/Chlorobi|Catalase_peroxidase|complete|
MENISGDISKCPFHNGTMDKEKISTEGTQNSHWWPNSLSLDILRQHSPLVDPNDEGFNYQEEFKTLDLEAVKKDIAALMTDSQDWWPADFGHYGPFFIRMAWHSAGTYRLQDGRGGAGRGQQRFAPLNSWPDNANLDKARRLLWPVKQKYGRKLSWADLMILTGNVALETMGFKTLGFGGGRADVWEADKDIYWGDEKEWVASHRNPEALANPLAATEMGLIYVNPEGPDRNPDPLLAAKAIRKTFGNMGMNDEETVALIAGGHTFGKTHGAGDAAHVGPEPEAADMELQGLGWISSFGSGKGADTITSGLEVTWTSTPTKWSNNFFWNLFGYDWELTKSPAGAHQWIPKHGAGANSVPKAHNKEEREAPAMLTTDLALRFDPIYEKISRRFYENPDEFADAFAKAWFKLTHRDMGPKSRYLGPEVPAEDFIWQDPLPKADYEAIDDVDVAQLKAKIAASGLTVSEMVSTAWASASTFRGSDKRGGANGARVRLAPQKFWAVNNPTQLSSVLDKLEAIQNEFNATSGSKKVSLADLIVLAGNVGVETAAKNAGVDITVPFAKGRVDATQEQTDIEQFSFMEPFADGFRNYLKVKTSTSTESLLVDKAQLLTLTIPEMTVLVGGMRVLGTNYDNSKHGVFTDKVGTLTNEFFTNLLDMSTVWKATDETKELFQGTDRKSGELKWTGTRYDLVFGSHSELRAIAEVYASADAKEKFVKDFVKAWTKVMNLDRFDLQ

",LbyCP01_Catalase peroxidase
8405,,MpaKat01,Bacteroidetes/Chlorobi,Mucilaginibacter paludis,Catalase,complete,Marcel Zamocky,">8405|MpaKat01| [Mucilaginibacter_paludis]|Bacteroidetes/Chlorobi|Catalase|complete|
MDDQKKKLTTAAGIPYAENENSMTIGPRGPILLQDFILHEKMAHFNRERIPERVVHAKGSGAYGTFTVTHDITKYTRAKIFNTIGKQTKVFLRFSTVGGEKGSADTERDPRGFAIKFYTEEGNWDLVGNNTPVFFVKDPKKFGDFIHTQKRDPYTNCKSATMMWDFWSLNPESLHQVTILMSDRGTPYGYRHMDGFGSHTFSFINADNERYWVKFHFKTQQGIKNFTDEEAGVMRGKAPDFAQHDLLTSIDNGDFPKWSLKIQIMTEEEARNYKFNPFDLTKVWPHADFPLIDVGVLELNENPDNYFAHVEQAAFAPAHVVDGISYSPDKMLQGRLLSYPDAHRYRLGGNYEQIPVNRCPFMVNNYQRDGQMRIDGNHGSSPNYFPNSFDDIVADPAYKEPAWDLRNQVADWYDRNAEGENDHYTQPGNLYRLMSETAKQDLIKNIVNSMSGIDGPKKEIIVNRQLCHWFRADMNLGMAIAQGLNLNLQETMKHMPVQV

",MpaKat01_Catalase
11344,,NkoCP01,Bacteroidetes/Chlorobi,Niastella koreensis,Catalase peroxidase,complete,Marcel Zamocky,">11344|NkoCP01| [Niastella_koreensis]|Bacteroidetes/Chlorobi|Catalase_peroxidase|complete|
MEKDSKDIGKCPFHNGSLKQNVGGGGTRNRDWWPNQLKLNILRQHSERSNPMGDDFDYAEAFKSLDLEAVKKDLHALMTDSQSWWPADFGHYGPLFIRMAWHSAGTYRVFDGRGGGGSGQQRFAPLNSWPDNVSLDKARRLLWPIKQKYGNKISWADLMILTGNIALESMGFKTFGFAGGRPDVWEPDEDVYWGAENTWLGGDVRYAHGSPGVVEGHGVLSADEPADGDEHSRNLEKPLAAVQMGLIYVNPEGPDGNPDPIAAAKDIRDTFGRMAMNDEETVALIAGGHSFGKTHGAAPATHVGKEPEAVDLEMQGLGWSNSYKSGKGADTITSGLEVIWTKTPTKWSNNFFENLFGFEWELTKSPAGAHQWVAKNADSIIPDAYDGAKKHLPTMLTTDLSLRFDPIYEKISRRFLENPDAFADAFARAWFKLTHRDMGPRARYLGADVPKEELLWQDPIPAVNHPLIDDKDVAALKEKVLASGLSVSELVSTAWASASTFRGTDKRGGANGARIRLAPQKFWVVNNPPQLQKVLSKLEAVQKEFNEAQSGGKKVSLADLIVLAGCAGIKKAAKDAGFDVTVPFTPGRMDATQEQTDVESVGYLEPHADGFRNYRKTRSHVLTEALLIDKAHLLTLTAPELTVLVGGMRVLDTNFDGSKNGVFTLHPGKLTNDFFVNLLDMNTAWKAAGEDRELYEGTDRTTGKVKWMATRADLVFGSNSELRAIAEVYGAADAKEKFVKDFVAAWNKVMNLDRFDL

",NkoCP01_Catalase peroxidase
11345,,SphspCP01,Bacteroidetes/Chlorobi,Sphingobacterium sp.,Catalase peroxidase,complete,Marcel Zamocky,">11345|SphspCP01| [Sphingobacterium_sp.]|Bacteroidetes/Chlorobi|Catalase_peroxidase|complete|
MESKDISKCPFHGEKLLKQAVGGGGTRNQDWWPNQLKLNILRQHSSLSDPMDPDFNYAEAFKSLDLEAVKQDLHALMTDSQDWWPADFGHYGPLFIRMAWHSAGTYRVGDGRGGAGGGQQRFAPLNSWPDNVSLDKARRLLWPIKQKYGRNISWADLLILAGNIALESMGFKTFGFAGGREDMWEAEEDVYWGAETTWLGGDVRYTHGSEGVVEGHGVLVSDDDADGDIHSRDLEKPLAAVQMGLIYVNPEGPDGNPDPIAAAKDIRDTFSRMAMDDEETVALIAGGHSFGKTHGAAPATHVGKEPEAAGLESQGLGWHNSYGSGKGPDTITSGLEVIWTTTPTQWSNNFFENLFAFEWELTKSPAGAHQWVAKDAGDIIPDPFDPTKKRKPTMLTTDLALRLDPGFEKISRRFLENPDAFADAFARAWFKLTHRDMGPRSRYLGPDVPKEELIWQDPIPAVDHPLVDANDIVMLKAKILATGLSVSELVSTAWASAATFRNSDKRGGANGARIRLAPQKDWPVNNPPQLTKVLHALENIQREFNNVQPGGRRVSLADLIVLAGCAAIEKAAKDGGHAITVPFNPGRMDASQEQTDVESIAFLEPAADGFRNYRKNKSSIPTEALLIDKAQLLGLTAPELTVLVGGMRVLNTNFDGSAHGVFTRTPGVLTNDFFINLLDMRTAWKASSPDQELYEGYDRATRQPKWTATRADLVFGSNAELRAIAEVYGSSDGKDKFVKDFVAAWTKVMNADRFDLK

",SphspCP01_Catalase peroxidase
11346,,ChrspCP01,Bacteroidetes/Chlorobi,Chryseobacterium sp.,Catalase peroxidase,complete,Marcel Zamocky,">11346|ChrspCP01| [Chryseobacterium_sp.]|Bacteroidetes/Chlorobi|Catalase_peroxidase|complete|
MEKDSNDISKCPFHNGSMKQNVAGGGTQNQDWWPNHLRVDILRQHSSLSDPMDKDFDYAEAFKSLDLEAVKKDLHALMTDSQDWWPADFGHYGPFFIRMAWHSAGTYRVGDGRGGAGAGQQRFAPLNSWPDNVSLDKARRLVWPVKQKYGNKISWADLLILTGNVALESMGFKTFGFAGGREDVWEPDQDVYWGAEKTWLGGDLRYAHGSEGVDKRGVVLPSDDNADGELHSRNLEKPLAAVQMGLIYVNPEGPDGNPDPIAAAKDIRDTFGRMAMNDEETVALIAGGHTFGKTHGAGPADHVGKEPEGAGIESQGLGWNSSYKSGKGADAISSGLEVTWTETPTEWSNYFFKNLFENEWELTKSPAGAHQWIAKNGEEIIPDAFDSSKKHRPTMLTTDLSLRLDPVYEKISRRFYEDPDAFADAFARAWFKLTHRDMGPRVRYLGPDVPAEKLIWQDPIPEVDHVLIDNNDIDALKVKIISSGLSISELVSTAWASASTFRGSDKRGGANGARIRLEPQKFWAVNNPAQLQKVLNGLENIRKEFNDAQTGGKKVSLADLIVLAGTAAVEKAAKDAGHEITVSFAPGRMDASQEETYVESMGYLEPAADGFRNYLKRKYAVSTEALLIDRAQLLTLTAPELTVLIGGMRALDTNFDGSKHGVFTQRPGLLTNDFFVNLLDMSTQWKAMSDDQELYVGTSRSTGDVKWTATRADLVFGSNSELRAVAEVYGSSDGEAKFVKDFAAAWTKVMDLDRFDLH

",ChrspCP01_Catalase peroxidase
11347,,FlaspCP01,Bacteroidetes/Chlorobi,Flavobacterium sp.,Catalase peroxidase,complete,Marcel Zamocky,">11347|FlaspCP01| [Flavobacterium_sp.]|Bacteroidetes/Chlorobi|Catalase_peroxidase|complete|
MDNQSNDISKCPFHNGSMDKQAASGTKNRDWWPKQLKVNILRQNSVLSNPLDKDFNYAEAFKTLDLDAVKKDLHALMTDSQDWWPADFGHYGGLFIRMAWHSAGTYRVHDGRGGAGAGQQRFAPLNSWPDNVSLDKARRLLWPIKQKYGQKISWADLLILTGNVALESMGFKTFGFAGGRADVWEADESVYWGSETTWLGGDERYKDGSEGVPKDHGVVSSDDNADGNIHSRNLEKPLAAVQMGLIYVNPEGPDGNPDPIAAAKDIRDTFGRMAMNDEETVALIAGGHTFGKTHGAASSDHVGKEPEAAGLELQGLGWQNSYGSGKGSDAITSGLEVTWTKTPTQWSNNFFENLFGFEWELSKSPAGAHQWVAKNAEAIIPDAFDPNKKHLPTMLTTDLSLRLDPAYEKISRRFLENPDEFADAFARAWFKLTHRDMGPRALYLGPEVPAEELLWQDPIPEVNHTLINDQDIAQLKERILNSGLTVSQLVSTAWASASTFRGSDKRGGANGGRIRLAPQKDWEVNNPTALKVVLDKLEAIQNEFNTAQNDGKKVSLADLIVLGGSAAVEKAAKDAGASVSVPFAPGRMDASAEQTDVESFGYLEPKVDGFRNYRKTKSSVLTEELLIDKANLLTLTAPELTVLLGGLRVLDINADGSKNGVFTTRPGRLTNDFFVNLLDMNTQWQAVSNDKELYTGNDRSTGQPKWIGTRADLVFGSNSELRAIAEVYAASDAHEKFVHDFIAVWTKVMNLDRFDLKK

",FlaspCP01_Catalase peroxidase
11348,,NsoCP01,Bacteroidetes/Chlorobi,Niabella soli,Catalase peroxidase,complete,Marcel Zamocky,">11348|NsoCP01| [Niabella_soli]|Bacteroidetes/Chlorobi|Catalase_peroxidase|complete|
MENDSKDISKCPFHNGTIKENVGGGGTRNRDWWPNQLKVSILRQHAAKSNPMDKDFNYKAAFESLDLAAVKKDLEALMTDSQDWWPADFGHYGGLFIRMAWHSAGTYRVGDGRGGAGTGQQRFAPLNSWPDNVSLDKARRLLWPIKQKYGNKLSWADLLVLTGNVALESMGFKTLGFAGGREDVWEPDEDVYWGSETTWLGGDIRYAHGGDPGVEKNGGVVIADDKDTNGTHSRHLEKPLAAVQMGLIYVNPEGPDGNPDPIAAAKDIRDTFGRMAMNDEETVALIAGGHTFGKTHGAAPATHVGKVPEEAGIEEQGLGWSSSFGSGKGADAIGSGLEVTWTQTPTQWDNNFFETLFGFEWELTKSPAGAHQWVAKDADAITPDAFDSAKKHKPTMLTTDLSLRFDPEYGKISKHFLENPDAFADAFAKAWFKLTHRDMGPRARYLGAEVPAEEFIWEDPIPAVDHVLIDSNDIAELKAKVLASGLSIAELVTTAWASASSFRGGDKRGGANGARIRLAPQKDWEVNNPAQLQKVLAVLEGIQKDFNGEQVGAKKVSLADLIVLAGAAAVEKAAKDAGHAVSVSFTPGRMDATQEQTDVDSVAYLETPADGFRNYRKGASVVPTEALLIDKAQLLTLTVPELTVLVGGMRALGATWDGSKHGVFTQRPGQLTNDFFVNLLDMRTAWKASNGSRELFEGSDRTTGATKWTATRADLVFGSNAELRAVAEVYGSADSADKFVNDFVAAWAKVMNLDRFDLA

",NsoCP01_Catalase peroxidase
